URL,Version,Status,OIDs,Name,Title,Description,Used
http://dicom.nema.org/resources/ontology/DCM,01,active,"1.2.840.10008.2.16.4",DICOM Controlled Terminology Definitions,,"DICOM Code Definitions (Coding Scheme Designator ""DCM"" Coding Scheme Version ""01"")","ValueSet/AcquisitionModality"
http://hl7.org/fhir/CodeSystem/task-code,4.0.1,active,"2.16.840.1.113883.4.642.4.1397",TaskCode,Task Codes,"Codes indicating the type of action that is expected to be performed","ValueSet/task-code"
http://hl7.org/fhir/administrative-gender,4.0.1,active,"2.16.840.1.113883.4.642.4.2",AdministrativeGender,AdministrativeGender,"The gender of a person used for administrative purposes.","ValueSet/administrative-gender"
http://hl7.org/fhir/bundle-type,4.0.1,active,"2.16.840.1.113883.4.642.4.621",BundleType,BundleType,"Indicates the purpose of a bundle - how it is intended to be used.","ValueSet/bundle-type"
http://hl7.org/fhir/care-plan-activity-status,4.0.1,draft,"2.16.840.1.113883.4.642.4.147",CarePlanActivityStatus,CarePlanActivityStatus,"Codes that reflect the current state of a care plan activity within its overall life cycle.","ValueSet/care-plan-activity-status"
http://hl7.org/fhir/composition-attestation-mode,4.0.1,draft,"2.16.840.1.113883.4.642.4.239",CompositionAttestationMode,CompositionAttestationMode,"The way in which a person authenticated a composition.","ValueSet/composition-attestation-mode"
http://hl7.org/fhir/composition-status,4.0.1,draft,"2.16.840.1.113883.4.642.4.242",CompositionStatus,CompositionStatus,"The workflow/clinical status of the composition.","ValueSet/composition-status"
http://hl7.org/fhir/contact-point-system,4.0.1,active,"2.16.840.1.113883.4.642.4.72",ContactPointSystem,ContactPointSystem,"Telecommunications form for contact point.","ValueSet/contact-point-system"
http://hl7.org/fhir/contact-point-use,4.0.1,active,"2.16.840.1.113883.4.642.4.74",ContactPointUse,ContactPointUse,"Use of contact point.","ValueSet/contact-point-use"
http://hl7.org/fhir/diagnostic-report-status,4.0.1,draft,"2.16.840.1.113883.4.642.4.236",DiagnosticReportStatus,DiagnosticReportStatus,"The status of the diagnostic report.","ValueSet/diagnostic-report-status"
http://hl7.org/fhir/document-relationship-type,4.0.1,draft,"2.16.840.1.113883.4.642.4.245",DocumentRelationshipType,DocumentRelationshipType,"The type of relationship between documents.","ValueSet/document-relationship-type"
http://hl7.org/fhir/encounter-location-status,4.0.1,draft,"2.16.840.1.113883.4.642.4.263",EncounterLocationStatus,EncounterLocationStatus,"The status of the location.","ValueSet/encounter-location-status"
http://hl7.org/fhir/encounter-status,4.0.1,draft,"2.16.840.1.113883.4.642.4.247",EncounterStatus,EncounterStatus,"Current state of the encounter.","ValueSet/encounter-status"
http://hl7.org/fhir/event-status,4.0.1,draft,"2.16.840.1.113883.4.642.4.110",EventStatus,EventStatus,"Codes identifying the lifecycle stage of an event.","ValueSet/event-status,ValueSet/clinicalimpression-status"
http://hl7.org/fhir/http-verb,4.0.1,active,"2.16.840.1.113883.4.642.4.625",HTTPVerb,HTTPVerb,"HTTP verbs (in the HTTP command line). See [HTTP rfc](https://tools.ietf.org/html/rfc7231) for details.","ValueSet/http-verb"
http://hl7.org/fhir/identifier-use,4.0.1,active,"2.16.840.1.113883.4.642.4.58",IdentifierUse,IdentifierUse,"Identifies the purpose for this identifier, if known .","ValueSet/identifier-use"
http://hl7.org/fhir/imagingstudy-status,4.0.1,draft,"2.16.840.1.113883.4.642.4.991",ImagingStudyStatus,ImagingStudyStatus,"The status of the ImagingStudy.","ValueSet/imagingstudy-status"
http://hl7.org/fhir/item-type,4.0.1,draft,"2.16.840.1.113883.4.642.4.445",QuestionnaireItemType,QuestionnaireItemType,"Distinguishes groups from questions and display text and indicates data type for questions.","ValueSet/item-type"
http://hl7.org/fhir/link-type,4.0.1,active,"2.16.840.1.113883.4.642.4.424",LinkType,LinkType,"The type of link between this patient resource and another patient resource.","ValueSet/link-type"
http://hl7.org/fhir/list-mode,4.0.1,draft,"2.16.840.1.113883.4.642.4.319",ListMode,ListMode,"The processing mode that applies to this list.","ValueSet/list-mode"
http://hl7.org/fhir/name-use,4.0.1,active,"2.16.840.1.113883.4.642.4.66",NameUse,NameUse,"The use of a human name.","ValueSet/name-use"
http://hl7.org/fhir/narrative-status,4.0.1,draft,"2.16.840.1.113883.4.642.4.56",NarrativeStatus,NarrativeStatus,"The status of a resource narrative.","ValueSet/narrative-status"
http://hl7.org/fhir/observation-status,4.0.1,active,"2.16.840.1.113883.4.642.4.401",ObservationStatus,ObservationStatus,"Codes providing the status of an observation.","ValueSet/observation-status"
http://hl7.org/fhir/publication-status,4.0.1,active,"2.16.840.1.113883.4.642.4.4",PublicationStatus,PublicationStatus,"The lifecycle status of an artifact.","ValueSet/publication-status"
http://hl7.org/fhir/quantity-comparator,4.0.1,active,"2.16.840.1.113883.4.642.4.60",QuantityComparator,QuantityComparator,"How the Quantity should be understood and represented.","ValueSet/quantity-comparator"
http://hl7.org/fhir/questionnaire-answers-status,4.0.1,draft,"2.16.840.1.113883.4.642.4.448",QuestionnaireResponseStatus,QuestionnaireResponseStatus,"Lifecycle status of the questionnaire response.","ValueSet/questionnaire-answers-status"
http://hl7.org/fhir/questionnaire-enable-behavior,4.0.1,draft,"2.16.840.1.113883.4.642.4.1008",EnableWhenBehavior,EnableWhenBehavior,"Controls how multiple enableWhen values are interpreted -  whether all or any must be true.","ValueSet/questionnaire-enable-behavior"
http://hl7.org/fhir/questionnaire-enable-operator,4.0.1,draft,"2.16.840.1.113883.4.642.4.1006",QuestionnaireItemOperator,QuestionnaireItemOperator,"The criteria by which a question is enabled.","ValueSet/questionnaire-enable-operator"
http://hl7.org/fhir/request-intent,4.0.1,draft,"2.16.840.1.113883.4.642.4.114",RequestIntent,RequestIntent,"Codes indicating the degree of authority/intentionality associated with a request.","ValueSet/request-intent,ValueSet/task-intent,ValueSet/care-plan-intent"
http://hl7.org/fhir/request-priority,4.0.1,draft,"2.16.840.1.113883.4.642.4.116",RequestPriority,RequestPriority,"Identifies the level of importance to be assigned to actioning the request.","ValueSet/request-priority"
http://hl7.org/fhir/request-status,4.0.1,draft,"2.16.840.1.113883.4.642.4.112",RequestStatus,RequestStatus,"Codes identifying the lifecycle stage of a request.","ValueSet/request-status"
http://hl7.org/fhir/resource-types,4.0.1,active,,ResourceType,ResourceType,"One of the resource types defined as part of this version of FHIR.","ValueSet/resource-types,ValueSet/care-plan-activity-kind"
http://hl7.org/fhir/search-entry-mode,4.0.1,active,"2.16.840.1.113883.4.642.4.623",SearchEntryMode,SearchEntryMode,"Why an entry is in the result set - whether it's included as a match or because of an _include requirement, or to convey information or warning information about the search process.","ValueSet/search-entry-mode"
http://hl7.org/fhir/sid/icd-10-cm,2.0.1,active,"2.16.840.1.113883.6.90",Icd10CM,International Classification of Diseases, 10th Revision, Clinical Modification (ICD-10-CM),"The International Classification of Diseases, 10th Revision, Clinical Modification (ICD-10-CM), describes the classification of morbidity and mortality information for statistical purposes and for the indexing of healthcare records by diseases. The ICD-10-CM codes can be used as the value of the Act.cd attribute.","ValueSet/VS-UnfitDiseases"
http://hl7.org/fhir/task-intent,4.0.1,draft,"2.16.840.1.113883.4.642.4.1241",TaskIntent,TaskIntent,"Distinguishes whether the task is a proposal, plan or full order.","ValueSet/task-intent"
http://hl7.org/fhir/task-status,4.0.1,draft,"2.16.840.1.113883.4.642.4.791",TaskStatus,TaskStatus,"The current status of the task.","ValueSet/task-status"
http://hl7.org/fhir/uv/ips/CodeSystem/absent-unknown-uv-ips,1.1.0,active,,AbsentAndUnknownDataUvIps,Absent and Unknown Data - IPS,"International Patient Summary (IPS) codes for ""known absent"" and ""not known"" data.","ValueSet/absent-or-unknown-problems-uv-ips"
http://loinc.org,3.1.0,active,"2.16.840.1.113883.6.1",LOINC,Logical Observation Identifiers, Names and Codes (LOINC),"LOINC provides a set of universal names and ID codes for identifying laboratory and clinical test results.1,2 LOINC facilitates the exchange and pooling of results, such as blood hemoglobin, serum potassium, or vital signs, for clinical care, outcomes management, and research. LOINC's universal identifiers (names and codes) can be used in the context of order and observation exchanges between information systems that use syntax standards such as HL73, CEN TC251, ISO TC215, ASTM4, and DICOM. Specifically, the identifier can be used as the coded value for an observation in any other standard that uses the observation/observation value paradigm, whether messages, documents, application programming interface (API), etc. For example, LOINC codes are used widely in the OBX segment Observation Identifier field (OBX-3) of an ORU HL7 (HL7 version 2.x or ASTM 1238-9410) message that may be sent between a Clinical Laboratory Information Management Systems (LIMS) and Electronic Health Record Systems (EHR).5, 6 In this way, LOINC codes provide universal identifiers that allow the exchange of clinical data between heterogeneous computing environments.","ValueSet/loinc-type-doc-code,ValueSet/VS-Appendix10-Lead-RequiredSet,ValueSet/vital-signs-tw,ValueSet/VS-OccHealthCheck-Required,ValueSet/document-classcodes,ValueSet/VS-Appendix10-Dust-RequiredSet,ValueSet/loinc-doc-section-code,ValueSet/doc-section-codes,ValueSet/VS-PulmonaryFunction,ValueSet/doc-typecodes,ValueSet/loinc-document-classcodes,ValueSet/VS-Appendix9-RequiredSet,ValueSet/VS-CoreUploadSet,ValueSet/VS-CoreDataset,ValueSet/VS-ExtendedDataset,ValueSet/questionnaire-questions,ValueSet/observation-codes,ValueSet/smoking-status-type-code,ValueSet/VS-Appendix10-Noise-RequiredSet,ConceptMap/TWHealthCheckLaboratoryMap,ValueSet/VS-Appendix10-OrganicSolvent-RequiredSet,ValueSet/VS-TWHAVitalSigns,ValueSet/loinc-observation-code"
http://snomed.info/sct,null,active,"2.16.840.1.113883.6.96",SNOMED_CT,SNOMED CT (all versions),"SNOMED CT is the most comprehensive and precise clinical health terminology product in the world, owned and distributed around the world by The International Health Terminology Standards Development Organisation (IHTSDO).","ValueSet/servicerequest-category,ValueSet/investigation-sets,ValueSet/bodysite-laterality,ValueSet/smoking-status-comprehensive-code,ValueSet/clinical-findings,ValueSet/condition-stage,ValueSet/encounter-reason,ValueSet/participant-role,ValueSet/clinicalimpression-prognosis,ValueSet/VS-CoreUploadSet,ValueSet/procedure-followup,ValueSet/device-action,ValueSet/medication-codes,ValueSet/body-site,ValueSet/manifestation-or-symptom,ValueSet/procedure-code,ValueSet/medication-as-needed-reason,ValueSet/device-kind,ValueSet/performer-role,ValueSet/health-professional-sct-tw,ValueSet/serviceRequest-category,ValueSet/referencerange-appliesto,ValueSet/care-plan-activity-outcome,ValueSet/procedure-reason,ValueSet/procedure-outcome,ValueSet/procedure-category,ValueSet/condition-code,ValueSet/medical-department-sct-tw,ValueSet/condition-stage-type,ValueSet/procedure-not-performed-reason,ValueSet/observation-methods,ValueSet/smoking-status-type-code,ValueSet/care-plan-category,ValueSet/questionnaire-answers,ValueSet/servicerequest-orderdetail,ValueSet/condition-code-sct-tw,ValueSet/condition-severity"
http://terminology.hl7.org/CodeSystem/admit-source,1.0.1,active,"2.16.840.1.113883.4.642.1.1092",AdmitSource,Admit source,"This value set defines a set of codes that can be used to indicate from where the patient came in.","ValueSet/encounter-admit-source"
http://terminology.hl7.org/CodeSystem/condition-category,2.0.0,active,"2.16.840.1.113883.4.642.1.1073",ConditionCategoryCodes,Condition Category Codes,"Preferred value set for Condition Categories.","ValueSet/condition-category"
http://terminology.hl7.org/CodeSystem/condition-clinical,3.0.0,active,"2.16.840.1.113883.4.642.1.1074",ConditionClinicalStatusCodes,Condition Clinical Status Codes,"Preferred value set for Condition Clinical Status.","ValueSet/condition-clinical"
http://terminology.hl7.org/CodeSystem/condition-ver-status,2.0.1,active,"2.16.840.1.113883.4.642.1.1075",ConditionVerificationStatus,ConditionVerificationStatus,"The verification status to support or decline the clinical status of the condition or diagnosis.","ValueSet/condition-ver-status"
http://terminology.hl7.org/CodeSystem/contactentity-type,2.0.0,active,"2.16.840.1.113883.4.642.1.1129",ContactEntityType,Contact entity type,"This example value set defines a set of codes that can be used to indicate the purpose for which you would contact a contact party.","ValueSet/contactentity-type"
http://terminology.hl7.org/CodeSystem/data-absent-reason,2.0.0,active,"2.16.840.1.113883.4.642.4.1048",DataAbsentReason,DataAbsentReason,"Used to specify why the normally expected content of the data element is missing.","ValueSet/data-absent-reason"
http://terminology.hl7.org/CodeSystem/diagnosis-role,1.1.1,active,"2.16.840.1.113883.4.642.1.1054",DiagnosisRole,Diagnosis Role,"This value set defines a set of codes that can be used to express the role of a diagnosis on the Encounter or EpisodeOfCare record.","ValueSet/diagnosis-role"
http://terminology.hl7.org/CodeSystem/diet,1.0.1,active,"2.16.840.1.113883.4.642.1.1091",Diet,Diet,"This value set defines a set of codes that can be used to indicate dietary preferences or restrictions a patient may have.","ValueSet/encounter-diet"
http://terminology.hl7.org/CodeSystem/discharge-disposition,1.0.1,active,"2.16.840.1.113883.4.642.1.1093",DischargeDisposition,Discharge disposition,"This value set defines a set of codes that can be used to where the patient left the hospital.","ValueSet/encounter-discharge-disposition"
http://terminology.hl7.org/CodeSystem/encounter-special-arrangements,1.0.1,active,"2.16.840.1.113883.4.642.1.1090",SpecialArrangements,Special arrangements,"This value set defines a set of codes that can be used to indicate the kinds of special arrangements in place for a patients visit.","ValueSet/encounter-special-arrangements"
http://terminology.hl7.org/CodeSystem/encounter-type,1.0.1,active,"2.16.840.1.113883.4.642.1.1088",EncounterType,Encounter type,"This example value set defines a set of codes that can be used to indicate the type of encounter: a specific code indicating type of service provided.","ValueSet/encounter-type"
http://terminology.hl7.org/CodeSystem/list-empty-reason,1.0.1,active,"2.16.840.1.113883.4.642.1.1106",ListEmptyReasons,List Empty Reasons,"General reasons for a list to be empty. Reasons are either related to a summary list (i.e. problem or medication list) or to a workflow related list (i.e. consultation list).","ValueSet/list-empty-reason"
http://terminology.hl7.org/CodeSystem/list-order,2.0.0,active,"2.16.840.1.113883.4.642.1.1107",ListOrderCodes,List Order Codes,"Base values for the order of item lists in resources.","ValueSet/list-order"
http://terminology.hl7.org/CodeSystem/location-physical-type,2.0.1,active,"2.16.840.1.113883.4.642.1.1108",LocationType,Location type,"This example value set defines a set of codes that can be used to indicate the physical form of the Location.  This includes several 'non physical' codes which are still considered a location.","ValueSet/location-physical-type"
http://terminology.hl7.org/CodeSystem/observation-category,2.0.0,active,"2.16.840.1.113883.4.642.1.1125",ObservationCategoryCodes,Observation Category Codes,"Observation Category codes.","ValueSet/observation-clinical-result-category,ValueSet/observation-category"
http://terminology.hl7.org/CodeSystem/organization-type,2.0.1,active,"2.16.840.1.113883.4.642.1.1128",OrganizationType,Organization type,"This example value set defines a set of codes that can be used to indicate a type of organization.","ValueSet/organization-type"
http://terminology.hl7.org/CodeSystem/participant-type,1.0.1,active,"2.16.840.1.113883.4.642.1.1089",ParticipantType,Participant type,"This value set defines a set of codes that can be used to indicate how an individual participates in an encounter.","ValueSet/encounter-participant-type"
http://terminology.hl7.org/CodeSystem/referencerange-meaning,1.0.1,active,"2.16.840.1.113883.4.642.1.1124",ObservationReferenceRangeMeaningCodes,Observation Reference Range Meaning Codes,"This value set defines a set of codes that can be used to indicate the meaning/use of a reference range for a particular target population.","ValueSet/referencerange-meaning"
http://terminology.hl7.org/CodeSystem/service-type,1.1.1,active,"2.16.840.1.113883.4.642.1.1145",ServiceType,Service type,"This value set defines an example set of codes of service-types.","ValueSet/service-type"
http://terminology.hl7.org/CodeSystem/v2-0074,3.0.0,active,"2.16.840.1.113883.18.29",DiagnosticServiceSectionId,diagnosticServiceSectionId,"HL7-defined code system of concepts which specify a section of a diagnostic service where the observation may be performed.  Used in HL7 Version 2.x messaging in the OBR and OM4 segments.","ValueSet/diagnostic-service-sections"
http://terminology.hl7.org/CodeSystem/v2-0092,3.0.0,active,"2.16.840.1.113883.18.36",ReAdmissionIndicator,re-admissionIndicator,"Code system of concepts which are used to specify that a patient is being re admitted to a healthcare facilityin from which they were discharged, and indicates the circumstances around such re-admission.  Used in HL7 Version 2.x messagine in the PV1 segment.","ValueSet/v2-0092"
http://terminology.hl7.org/CodeSystem/v2-0131,3.0.0,active,"2.16.840.1.113883.18.58",ContactRole2,contactRole2,"Code system of concepts which specify a relationship role that the next of kin/associated parties plays with regard to the patient. Also used in referrals, for example, it may be necessary to identify the contact representative at the clinic that sent a referral. Used in HL7 Version 2 messaging in the NK1 and CTD segments after 2.5, when it replace 2.16.840.1.113883.18.57.","ValueSet/relatedperson-relationshiptype"
http://terminology.hl7.org/CodeSystem/v2-0203,5.0.0,active,"2.16.840.1.113883.18.108",IdentifierType,identifierType,"HL7-defined code system of concepts specifying type of identifier. Used in HL7 Version 2.x messaging data types CX, PLN, PPN, XCN and XON.","ValueSet/identifier-type,ValueSet/identifier-type-tw"
http://terminology.hl7.org/CodeSystem/v3-ActCode,11.0.0,active,"2.16.840.1.113883.5.4",ActCode,ActCode,"A code specifying the particular kind of Act that the Act-instance represents within its class.    *Constraints:* The kind of Act (e.g. physical examination, serum potassium, inpatient encounter, charge financial transaction, etc.) is specified with a code from one of several, typically external, coding systems. The coding system will depend on the class of Act, such as LOINC for observations, etc.    Conceptually, the Act.code must be a specialization of the Act.classCode. This is why the structure of ActClass domain should be reflected in the superstructure of the ActCode domain and then individual codes or externally referenced vocabularies subordinated under these domains that reflect the ActClass structure.    Act.classCode and Act.code are not modifiers of each other but the Act.code concept should really imply the Act.classCode concept. For a negative example, it is not appropriate to use an Act.code ""potassium"" together with and Act.classCode for ""laboratory observation"" to somehow mean ""potassium laboratory observation"" and then use the same Act.code for ""potassium"" together with Act.classCode for ""medication"" to mean ""substitution of potassium"". This mutually modifying use of Act.code and Act.classCode is not permitted.","ValueSet/v3-ActCode,ValueSet/v3-ActEncounterCode"
http://terminology.hl7.org/CodeSystem/v3-ActPriority,5.0.0,active,"2.16.840.1.113883.5.7",ActPriority,ActPriority,"A set of codes (e.g., for routine, emergency), specifying the urgency under which the Act happened, can happen, is happening, is intended to happen, or is requested/demanded to happen.","ValueSet/v3-ActPriority"
http://terminology.hl7.org/CodeSystem/v3-Confidentiality,5.0.0,active,"2.16.840.1.113883.5.25",Confidentiality,Confidentiality,"A set of codes specifying the security classification of acts and roles in accordance with the definition for concept domain ""Confidentiality"".","ValueSet/v3-ConfidentialityClassification"
http://terminology.hl7.org/CodeSystem/v3-EncounterSpecialCourtesy,4.0.0,active,"2.16.840.1.113883.5.40",EncounterSpecialCourtesy,EncounterSpecialCourtesy,"**** MISSING DESCRIPTION ****","ValueSet/encounter-special-courtesy"
http://terminology.hl7.org/CodeSystem/v3-MaritalStatus,5.0.0,active,"2.16.840.1.113883.5.2",MaritalStatus,MaritalStatus,"\* \* \* No description supplied \* \* \*    *Open Issue:* The specific meanings of these codes can vary somewhat by jurisdiction and implementation so caution should be used when determining equivalency.    *Open Issue:* fixing and completion of the hierarchy and proper good definitions of all the concepts is badly needed.","ValueSet/marital-status"
http://terminology.hl7.org/CodeSystem/v3-NullFlavor,4.0.0,active,"2.16.840.1.113883.5.1008",NullFlavor,NullFlavor,"A collection of codes specifying why a valid value is not present.","ValueSet/marital-status,ValueSet/encounter-special-courtesy"
http://terminology.hl7.org/CodeSystem/v3-ObservationInterpretation,4.0.0,active,"2.16.840.1.113883.5.83",ObservationInterpretation,ObservationInterpretation,"One or more codes providing a rough qualitative interpretation of the observation, such as ""normal"" / ""abnormal"", ""low"" / ""high"", ""better"" / ""worse"", ""resistant"" / ""susceptible"", ""expected"" / ""not expected"". The value set is intended to be for ANY use where coded representation of an interpretation is needed.","ValueSet/observation-interpretation"
http://terminology.hl7.org/CodeSystem/v3-ParticipationType,7.0.0,active,"2.16.840.1.113883.5.90",ParticipationType,ParticipationType,"A code specifying the meaning and purpose of every Participation instance. Each of its values implies specific constraints on the Roles undertaking the participation.","ValueSet/series-performer-function,ValueSet/encounter-participant-type"
http://terminology.hl7.org/CodeSystem/v3-RoleCode,4.0.0,active,"2.16.840.1.113883.5.111",RoleCode,RoleCode,"A set of codes further specifying the kind of Role; specific classification codes for further qualifying RoleClass codes.","ValueSet/relatedperson-relationshiptype,ValueSet/v3-ServiceDeliveryLocationRoleType"
http://unitsofmeasure.org,3.0.1,active,"2.16.840.1.113883.6.8",UCUM,Unified Code for Units of Measure (UCUM),"The Unified Code for Units of Measure (UCUM) is a code system intended to include all units of measures being contemporarily used in international science, engineering, and business. The purpose is to facilitate unambiguous electronic communication of quantities together with their units. The focus is on electronic communication, as opposed to communication between humans. A typical application of The Unified Code for Units of Measure are electronic data interchange (EDI) protocols, but there is nothing that prevents it from being used in other types of machine communication.","ValueSet/ucum-vitals-common,ValueSet/v3-UnitsOfMeasureCaseSensitive,ValueSet/VS-TimeUnitYearMonth"
https://hapi.fhir.tw/fhir/CodeSystem/sf-BetNutChewAmount-codesystem,0.1.1,active,,SFBetNutChewAmountCS,每日嚼檳榔量代碼系統,"Betel Nut Chewing Amount Code System","ValueSet/sf-BetNutChewAmount-valueset"
https://twcore.mohw.gov.tw/ig/twcore/CodeSystem/category-code-tw,2024-08-31,active,,TWCategoryCode,臺灣衛福部資訊處類型代碼,"臺灣衛福部資訊處類型代碼，  代碼出版日期：2024-08-31；資料所屬單位：衛生福利部資訊處。   ","ValueSet/serviceRequest-category"
https://twcore.mohw.gov.tw/ig/twcore/CodeSystem/health-professional-tw,2022-01-28,active,,TWHealthProfessional,臺灣醫事司醫事人員類別,"臺灣醫事司醫事人員類別，參照至[醫事人員基本資料檔](https://www.google.com/url?client=internal-element-cse&cx=012254495936870409035:lzvyrg0mtim&q=https://www.mohw.gov.tw/dl-40452-1441ca2e-cde9-4345-b681-f9a20d5176b5.html&sa=U&ved=2ahUKEwjg5MCYrZn5AhUTI6YKHV6mC_s4FBAWegQIBBAC&usg=AOvVaw1q62t2W0hhdi0WC6e_nh1m)中的「人員類別（2022/01/28修訂）」。  代碼出版日期：2022-01-28；資料所屬單位：衛生福利部醫事司。  *因原始資料無代碼版本資訊，故使用其「更新日期」作為版本資訊。*","ValueSet/health-professional-sct-tw"
https://twcore.mohw.gov.tw/ig/twcore/CodeSystem/icd-10-cm-2014-tw,2017-07-19,active,,TW2014ICD10CM,臺灣健保署2014年中文版ICD-10-CM,"臺灣健保署2014年中文版ICD-10-CM，參照至[國際疾病分類第 10 版](https://www.nhi.gov.tw/ch/np-3049-1.html)，由於資料會隨代碼更新而變動，本資料的來源位置可能已更新為最新版代碼，原資料已被覆蓋。     代碼出版日期：2022-07-19；資料所屬單位：衛生福利部中央健康保險署。  *因原始資料無代碼版本資訊，故使用其法規「公布日期」作為版本資訊。*  因代碼量較大會使載入頁面時間較長，為方便使用者瀏覽，此處(本頁、XML、JSON、TTL)僅擷取部分代碼，完整代碼可至[全國專門術語服務平臺－代碼系統(Code System)](https://fhir.mohw.gov.tw/ts/codesystem.jsp)查閱  ","ValueSet/icd-10-cm-2014-tw"
https://twcore.mohw.gov.tw/ig/twcore/CodeSystem/icd-10-cm-2021-tw,2022-07-29,active,,TW2021ICD10CM,臺灣健保署2021年中文版ICD-10-CM,"臺灣健保署2021年中文版ICD-10-CM，參照至[國際疾病分類第 10 版](https://www.nhi.gov.tw/ch/np-3049-1.html)，由於資料會隨代碼更新而變動，本資料的來源位置可能已更新為最新版代碼，原資料已被覆蓋。       代碼出版日期：2022-07-29；資料所屬單位：衛生福利部中央健康保險署。  *因原始資料無代碼版本資訊，故使用其法規「公布日期」作為版本資訊。*  因代碼量較大會使載入頁面時間較長，為方便使用者瀏覽，此處(本頁、XML、JSON、TTL)僅擷取部分代碼，完整代碼可至[全國專門術語服務平臺－代碼系統(Code System)](https://fhir.mohw.gov.tw/ts/codesystem.jsp)查閱  ","ValueSet/icd-10-cm-2021-tw"
https://twcore.mohw.gov.tw/ig/twcore/CodeSystem/icd-10-cm-2023-tw,2024-11-18,active,,TW2023ICD10CM,臺灣健保署2023年中文版ICD-10-CM,"臺灣健保署2023年中文版ICD-10-CM，參照至[國際疾病分類第 10 版](https://www.nhi.gov.tw/ch/np-3049-1.html)，由於資料會隨代碼更新而變動，本資料的來源位置可能已更新為最新版代碼，原資料已被覆蓋。       代碼出版日期：2024-01-31；資料所屬單位：衛生福利部中央健康保險署。  *因原始資料無代碼版本資訊，故使用其法規「公布日期」作為版本資訊。*  因代碼量較大會使載入頁面時間較長，為方便使用者瀏覽，此處(本頁、XML、JSON、TTL)僅擷取部分代碼，完整代碼可至[全國專門術語服務平臺－代碼系統(Code System)](https://fhir.mohw.gov.tw/ts/codesystem.jsp)查閱  ","ValueSet/icd-10-cm-2023-tw"
https://twcore.mohw.gov.tw/ig/twcore/CodeSystem/icd-10-pcs-2014-tw,2017-07-19,active,,TW2014ICD10PCS,臺灣健保署2014年中文版ICD-10-PCS,"臺灣健保署2014年中文版ICD-10-PCS，參照至[國際疾病分類第 10 版](https://www.nhi.gov.tw/ch/np-3049-1.html)，由於資料會隨代碼更新而變動，本資料的來源位置可能已更新為最新版代碼，原資料已被覆蓋。   代碼出版日期：2017-07-19；資料所屬單位：衛生福利部中央健康保險署。  *因原始資料無代碼版本資訊，故使用其法規「公布日期」作為版本資訊。*  因代碼量較大會使載入頁面時間較長，為方便使用者瀏覽，此處(本頁、XML、JSON、TTL)僅擷取部分代碼，完整代碼可至[全國專門術語服務平臺－代碼系統(Code System)](https://fhir.mohw.gov.tw/ts/codesystem.jsp)查閱  ","ValueSet/icd-10-pcs-2014-tw"
https://twcore.mohw.gov.tw/ig/twcore/CodeSystem/icd-10-pcs-2021-tw,2022-07-29,active,,TW2021ICD10PCS,臺灣健保署2021年中文版ICD-10-PCS,"臺灣健保署2021年中文版ICD-10-PCS，參照至[國際疾病分類第 10 版](https://www.nhi.gov.tw/ch/np-3049-1.html)，由於資料會隨代碼更新而變動，本資料的來源位置可能已更新為最新版代碼，原資料已被覆蓋。        代碼出版日期：2022-07-29；資料所屬單位：衛生福利部中央健康保險署。  *因原始資料無代碼版本資訊，故使用其法規「公布日期」作為版本資訊。*  因代碼量較大會使載入頁面時間較長，為方便使用者瀏覽，此處(本頁、XML、JSON、TTL)僅擷取部分代碼，完整代碼可至[全國專門術語服務平臺－代碼系統(Code System)](https://fhir.mohw.gov.tw/ts/codesystem.jsp)查閱  ","ValueSet/icd-10-pcs-2021-tw"
https://twcore.mohw.gov.tw/ig/twcore/CodeSystem/icd-10-pcs-2023-tw,2024-11-18,active,,TW2023ICD10PCS,臺灣健保署2023年中文版ICD-10-PCS,"臺灣健保署2023年中文版ICD-10-PCS，參照至[國際疾病分類第 10 版](https://www.nhi.gov.tw/ch/np-3049-1.html)，由於資料會隨代碼更新而變動，本資料的來源位置可能已更新為最新版代碼，原資料已被覆蓋。       代碼出版日期：2024-01-31；資料所屬單位：衛生福利部中央健康保險署。  *因原始資料無代碼版本資訊，故使用其法規「公布日期」作為版本資訊。*  因代碼量較大會使載入頁面時間較長，為方便使用者瀏覽，此處(本頁、XML、JSON、TTL)僅擷取部分代碼，完整代碼可至[全國專門術語服務平臺－代碼系統(Code System)](https://fhir.mohw.gov.tw/ts/codesystem.jsp)查閱  ","ValueSet/icd-10-pcs-2023-tw"
https://twcore.mohw.gov.tw/ig/twcore/CodeSystem/icd-9-cm-2001-tw,2023-05-09,active,,TW2001ICD9CM,臺灣健保署2001年中文版ICD-9-CM,"臺灣健保署2001年中文版ICD-9-CM，參照至[國際疾病分類第 10 版](https://www.nhi.gov.tw/ch/np-3049-1.html)，由於資料會隨代碼更新而變動，本資料的來源位置可能已更新為最新版代碼，原資料已被覆蓋。   代碼出版日期：2023-05-09；資料所屬單位：衛生福利部中央健康保險署。  *因原始資料無代碼版本資訊，故使用其「更新日期」作為版本資訊。*  因代碼量較大會使載入頁面時間較長，為方便使用者瀏覽，此處(本頁、XML、JSON、TTL)僅擷取部分代碼，完整代碼可至[全國專門術語服務平臺－代碼系統(Code System)](https://fhir.mohw.gov.tw/ts/codesystem.jsp)查閱  ","ValueSet/icd-9-cm-2001-tw"
https://twcore.mohw.gov.tw/ig/twcore/CodeSystem/industry-dgbas-tw,2021-01-01,active,,TWIndustry,行政院主計總處行業分類,"行政院主計總處行業分類，參照至行政院主計總處的[行業統計分類(第11次修正)](https://ws.dgbas.gov.tw/001/Upload/463/attachment/11195/90015/012221854690wg0x9i.pdf) 代碼出版日期：2021-01-01；資料所屬單位：行政院主計總處。  *因原始資料無代碼版本資訊，故使用其「更新日期」作為版本資訊。*","ValueSet/industry-dgbas-tw"
https://twcore.mohw.gov.tw/ig/twcore/CodeSystem/medical-consultation-department-nhi-tw,2024-05-27,active,,TWMedicalConsultationDepartmentNHI,臺灣健保署就醫科別,"臺灣健保署就醫科別，參照至[健保署檔案譯碼簿](https://www.nhi.gov.tw/ch/cp-1880-20811-3142-1.html)中的「就醫科別（2022/8/2版本）」。  代碼出版日期：2024-05-27；資料所屬單位：衛生福利部中央健康保險署。  *因原始資料無代碼版本資訊，故使用其「更新日期」作為版本資訊。*","ValueSet/medical-consultation-department-tw"
https://twcore.mohw.gov.tw/ig/twcore/CodeSystem/medical-service-payment-tw,2024-11-29,active,,TWMedicalServicePayment,臺灣健保署醫療服務給付項目,"臺灣健保署醫療服務給付項目，參照至[全民健康保險醫療服務給付項目及支付標準](https://www.nhi.gov.tw/ch/cp-5943-f1cce-2821-1.html)中的「醫療服務給付項目(113.05.01生效) (113.04.23更新)」。    代碼出版日期：2022-07-01；資料所屬單位：衛生福利部中央健康保險署。  *因原始資料無代碼版本資訊，故使用其「生效日期」作為版本資訊。*  因代碼量較大會使載入頁面時間較長，為方便使用者瀏覽，此處(本頁、XML、JSON、TTL)僅擷取部分代碼，完整代碼可至[全國專門術語服務平臺－代碼系統(Code System)](https://fhir.mohw.gov.tw/ts/codesystem.jsp)查閱  ","ValueSet/laboratory-category-tw,ValueSet/procedure-tw"
https://twcore.mohw.gov.tw/ig/twcore/CodeSystem/medical-treatment-department-nhi-tw,2024-05-27,active,,TWMedicalTreatmentDepartmentNHI,臺灣健保署診療科別,"臺灣健保署診療科別，參照至[健保署檔案譯碼簿](https://www.nhi.gov.tw/ch/cp-1880-20811-3142-1.html)中的「診療科別（2022/8/2版本）」。     代碼出版日期：2024-05-27；資料所屬單位：衛生福利部中央健康保險署。  *因原始資料無代碼版本資訊，故使用其「更新日期」作為版本資訊。*","ValueSet/medical-treatment-department-tw"
https://twcore.mohw.gov.tw/ig/twcore/CodeSystem/occupation-lia-roc-tw,2023-06-01,active,,TWLIAROCOccupation,臺灣壽險公會傷害保險個人職業分類表,"臺灣壽險公會傷害保險個人職業分類表，參照至[中華民國人壽保險商業同業公會](https://www.lia-roc.org.tw/) 代碼出版日期：2023-06-01；資料所屬單位：中華民國人壽保險商業同業公會。  *因原始資料無代碼版本資訊，故使用其「更新日期」作為版本資訊。*","ValueSet/occupation-lia-roc-tw"
https://twcore.mohw.gov.tw/ig/twcore/CodeSystem/occupation-mol-tw,2010-05-01,active,,TWMolOccupation,臺灣勞動部職業標準分類,"臺灣勞動部職業標準分類，參照至[中華民國勞動部](https://www.mol.gov.tw/1607/2458/2510/)的[職業標準分類(第6次修訂)](https://statdb.mol.gov.tw/html/svy12/1236menu.htm) 代碼出版日期：2010-05-01；資料所屬單位：中華民國勞動部。  *因原始資料無代碼版本資訊，故使用其「更新日期」作為版本資訊。*","ValueSet/occupation-mol-tw"
https://twcore.mohw.gov.tw/ig/twcore/CodeSystem/organization-identifier-tw,2024-08-19,active,,TWOrganizationIdentifier,臺灣醫事司醫事機構代碼,"臺灣醫事司醫事機構代碼，參照至[衛生福利部醫事司](https://dep.mohw.gov.tw/DOMA/cp-4926-54415-106.html)的[醫療機構與人員基本資料20231231.csv](https://www.mohw.gov.tw/dl-87760-1a0f2eab-c96a-4839-950d-beb93d903b6f.html)   [醫事機構代碼查詢系統](https://rao.mohw.gov.tw/AgencyCode.aspx?FD1=txtAgency_qry&FD2=txtAgencyName_qry) 代碼出版日期：2020-06-11；資料所屬單位：衛生福利部醫事司。  *因原始資料無代碼版本資訊，故使用其「更新日期」作為版本資訊。*  因代碼量較大會使載入頁面時間較長，為方便使用者瀏覽，此處(本頁、XML、JSON、TTL)僅擷取部分代碼，完整代碼可至[全國專門術語服務平臺－代碼系統(Code System)](https://fhir.mohw.gov.tw/ts/codesystem.jsp)查閱 ","ValueSet/organization-identifier-tw"
https://twcore.mohw.gov.tw/ig/twcore/CodeSystem/v2-0203,2022-07-31,active,,TWIdentifierType_V20203,臺灣衛福部資訊處識別碼類型,"臺灣衛福部資訊處識別碼類型，   代碼出版日期：2022-07-31；資料所屬單位：衛生福利部資訊處。   ","ValueSet/identifier-type-tw"
https://twcore.mohw.gov.tw/ig/twha/CodeSystem/CS-Appendix10Operation,0.8.5,draft,,CS_Appendix10Operation,附表十特別危害健康作業具名代碼系統,"【依據：勞工健康保護規則附表】《勞工健康保護規則》附表十（115.06.26 修正）逐號列舉之 35 項特別危害健康作業具名代碼。本代碼系統為「具名作業層」，與 CS-HazardType（12 危害家族層）以 ConceptMap Appendix10-to-HazardType 對映。編號 33/34/35（苯乙烯、甲苯、二甲苯）為 115.06.26 修正新增，狀態為 **draft**：其施行日期與既有勞工銜接安排尚待勞動部職業安全衛生署確認，本 IG 之檢查項目與代碼配置屬暫定。過渡期以本 CodeSystem 之 version（法規版本）表達，個案資料僅記錄實際檢查日期與所採規範版本，不另加自訂旗標。","ConceptMap/Appendix10-to-HazardType,ValueSet/VS-Appendix10-Operation"
https://twcore.mohw.gov.tw/ig/twha/CodeSystem/CS-BetelNutAdditive,0.8.5,active,,CS_BetelNutAdditive,檳榔添加物代碼系統,"【主管機關：國民健康署】嚼食檳榔所用之添加物。（**provisional**：本地代碼配置，尚待主管機關確認官方代碼與定義（M-5）。）","ValueSet/VS-BetelNutAdditive"
https://twcore.mohw.gov.tw/ig/twha/CodeSystem/CS-BetelNutHpaCategory,0.8.5,active,,CS_BetelNutHpaCategory,口腔黏膜檢查表嚼檳榔習慣級距代碼系統,"【主管機關：國民健康署】逐字錄自國民健康署**口腔黏膜檢查表（107 年 7 月修訂）**「菸檳習慣」欄之「1.嚼檳榔習慣」六個選項。**該表為癌症篩檢用表，非健檢上傳欄位**（見 open-issues T-13、術語頁 §6.2b-1）。（**provisional**：選項文字為該表原文，惟「篩檢表級距是否納入健檢交換」之範疇問題尚待主管機關確認，M-5。）","ValueSet/VS-BetelNutHpaCategory"
https://twcore.mohw.gov.tw/ig/twha/CodeSystem/CS-BetelNutInfoSource,0.8.5,active,,CS_BetelNutInfoSource,嚼檳榔資料來源代碼系統,"【主管機關：國民健康署】嚼檳榔資訊之取得來源。（**provisional**：本地代碼配置，尚待主管機關確認官方代碼與定義（M-5）。）","ValueSet/VS-BetelNutInfoSource"
https://twcore.mohw.gov.tw/ig/twha/CodeSystem/CS-BetelNutLime,0.8.5,active,,CS_BetelNutLime,檳榔石灰種類代碼系統,"【主管機關：國民健康署】嚼食檳榔所用之石灰種類。（**provisional**：本地代碼配置，尚待主管機關確認官方代碼與定義（M-5）。）","ValueSet/VS-BetelNutLime"
https://twcore.mohw.gov.tw/ig/twha/CodeSystem/CS-BetelNutStatus,0.8.5,active,,CS_BetelNutStatus,嚼檳榔狀態代碼系統,"【主管機關：國民健康署】勞工健檢生活習慣調查中之嚼檳榔狀態分類，與吸菸狀態（CS-SmokingStatus）逐碼對稱。（**provisional**：本代碼系統為工作小組建議之本地代碼配置，**尚待主管機關確認官方代碼與定義（M-5）**；不得表述為已對接官方申報系統。）","ValueSet/VS-BetelNutStatus"
https://twcore.mohw.gov.tw/ig/twha/CodeSystem/CS-ExamType,0.8.5,active,,CS_ExamType,檢查類型代碼系統,"【技術規格】勞工體格及健康檢查之類型，包含一般體格檢查、一般健康檢查、特殊體格檢查及特殊健康檢查。","ValueSet/VS-ExamType"
https://twcore.mohw.gov.tw/ig/twha/CodeSystem/CS-FitnessForWork,0.8.5,draft,,CS_FitnessForWork,適性配工建議代碼系統,"【依據：勞工健康保護規則附表】第四級管理中，醫師針對受檢勞工提出之適性配工或變更作業內容建議。（**provisional**：本代碼系統為工作小組建議之本地代碼配置，**尚待勞動部職業安全衛生署確認官方代碼與定義（M-2）**；不得表述為已對接官方申報系統。）","ValueSet/VS-FitnessForWork"
https://twcore.mohw.gov.tw/ig/twha/CodeSystem/CS-HazardType,0.8.5,draft,,CS_HazardType,特別危害健康作業類別代碼系統,"【依據：勞工健康保護規則附表】勞工健康保護規則所定義之特別危害健康作業，歸併為 12 危害家族（家族層）。附表十（115.06.26 修正）逐號列舉之 35 項法定具名作業另以 CS-Appendix10Operation 表示，家族 ↔ 具名作業之對映見 ConceptMap Appendix10-to-HazardType。","ValueSet/VS-HazardType,ConceptMap/Appendix10-to-HazardType"
https://twcore.mohw.gov.tw/ig/twha/CodeSystem/CS-HealthCounseling,0.8.5,active,,CS_HealthCounseling,健康諮詢與衛教指導項目代碼系統,"【技術規格】國民健康署成人預防保健服務及一般健康檢查中醫師提供之健康諮詢與衛教指導項目。","ValueSet/VS-HealthCounseling"
https://twcore.mohw.gov.tw/ig/twha/CodeSystem/CS-HealthMgmtLevel,0.8.5,draft,,CS_HealthMgmtLevel,健康管理分級代碼系統,"【依據：勞工健康保護規則附表】依據勞工健康保護規則第 21 條規定，醫師依健康檢查結果判定之健康管理分級。（**provisional**：本代碼系統為工作小組建議之本地代碼配置，**尚待勞動部職業安全衛生署確認官方代碼與定義（M-2）**；不得表述為已對接官方申報系統。）","ValueSet/VS-HealthMgmtLevel"
https://twcore.mohw.gov.tw/ig/twha/CodeSystem/CS-LaborReportCode,0.8.5,draft,,CS_LaborReportCode,勞動部通報報告代碼系統,"【依據：勞工健康保護規則附表】勞工健檢結果通報勞動部（LABOR）系統時所使用之報告類別代碼。（**provisional**：本代碼系統為工作小組建議之本地代碼配置，**尚待勞動部職業安全衛生署確認官方代碼與定義（M-2）**；不得表述為已對接官方申報系統。）","ValueSet/VS-LaborReportCode"
https://twcore.mohw.gov.tw/ig/twha/CodeSystem/CS-OrganicSolventType,0.8.5,draft,,CS_OrganicSolventType,有機溶劑種類代碼系統,"【依據：勞工健康保護規則附表】特別危害健康作業中之有機溶劑種類（主要 7 種）。","ValueSet/VS-OrganicSolventType"
https://twcore.mohw.gov.tw/ig/twha/CodeSystem/CS-PhysicalExamSystems,0.8.5,draft,,CS_PhysicalExamSystems,身體檢查系統部位代碼系統,"【依據：勞工健康保護規則附表】附表十一理學檢查中所涉及之身體系統部位分類。","ValueSet/VS-PhysicalExamSystems"
https://twcore.mohw.gov.tw/ig/twha/CodeSystem/CS-ServiceActivityType,0.8.5,draft,,CS_ServiceActivityType,臨場健康服務辦理事項代碼系統,"【依據：勞工健康保護規則附表】附表八中醫護人員辦理之臨場健康服務項目活動類別代碼系統。（**provisional**：本地代碼配置，尚待勞動部職業安全衛生署確認官方代碼與定義（M-2）。另因 SNOMED 現無適切之職業健康諮詢 procedure 代碼，改善建議諮詢暫以本代碼系統承載，該用法列為本地碼治理事項。）","ValueSet/VS-ServiceActivityType"
https://twcore.mohw.gov.tw/ig/twha/CodeSystem/CS-SmokingStatus,0.8.5,active,,CS_SmokingStatus,吸菸狀態代碼系統,"【主管機關：國民健康署】勞工健檢生活習慣調查中之吸菸狀態分類。","ValueSet/VS-SmokingStatus"
https://twcore.mohw.gov.tw/ig/twha/CodeSystem/CS-SpecificChemicalType,0.8.5,draft,,CS_SpecificChemicalType,特定化學物質種類代碼系統,"【依據：勞工健康保護規則附表】特別危害健康作業中之特定化學物質種類。","ValueSet/VS-SpecificChemicalType"
urn:ietf:bcp:47,2.0.1,active,"2.16.840.1.113883.6.121",Ietf3066,Tags for the Identification of Languages,"Older value from OID registry.  Superceded; see recommendations in BCP-47.","ValueSet/languages"
urn:iso:std:iso:3166,1.0.1,active,"1.0.3166.1",ISO3166Part1,ISO 3166-1 Codes for the representation of names of countries and their subdivisions — Part 1: Country code,"ISO 3166-1 establishes codes that represent the current names of countries, dependencies, and other areas of particular geopolitical interest, on the basis of country names obtained from the United Nations.","ValueSet/jurisdiction"
urn:iso:std:iso:3166:-2,1.0.1,active,"1.0.3166.2",ISO3166Part2,ISO 3166-2 Codes for the representation of names of countries and their subdivisions — Part 2: Country subdivision code,"ISO 3166-2 establishes a code that represents the names of the principal administrative divisions, or similar areas, of the countries and entities included in ISO 3166-1.","ValueSet/jurisdiction"
