code,ig_display,loinc_display,loinc_status,overlap,verdict,files
10334-1,Cancer Ag 125 [Units/volume] in Serum or Plasma,Cancer Ag 125 [Units/volume] in Serum or Plasma,ACTIVE,1.00,相符,input/fsh/codesystems/ConceptMap-TWHealthCheckLaboratoryMap.fsh; input/fsh/valuesets/VS-ExtendedDataset.fsh
103892-6,DBT Brst Screening,DBT Breast screening,ACTIVE,0.67,部分相符（建議人工判讀）,input/fsh/valuesets/VS-ExtendedDataset.fsh
104905-5,Duration of exposure,Duration of exposure,ACTIVE,1.00,相符,input/fsh/examples/examples.fsh; input/fsh/profiles/TWHA-WorkExposure.fsh
10701-1,Ova and parasites [Presence] in Stool by Concentration method,Ova and parasites identified in Stool by Concentration,ACTIVE,0.80,相符,input/fsh/valuesets/VS-ExtendedDataset.fsh
10704-5,Ova and parasites [Presence] in Stool by Microscopy,Ova and parasites identified in Stool by Light microscopy,ACTIVE,1.00,相符,input/fsh/valuesets/VS-ExtendedDataset.fsh
10834-0,Globulin [Mass/volume] in Serum or Plasma by calculation,Globulin [Mass/volume] in Serum by calculation,ACTIVE,1.00,相符,input/fsh/valuesets/VS-ExtendedDataset.fsh
10835-7,Lipoprotein A [Mass/volume] in Serum or Plasma,Lipoprotein a [Mass/volume] in Serum or Plasma,ACTIVE,1.00,相符,input/fsh/valuesets/VS-ExtendedDataset.fsh
10886-0,Prostate specific Ag.free [Mass/volume] in Serum or Plasma,Prostate Specific Ag Free [Mass/volume] in Serum or Plasma,ACTIVE,1.00,相符,input/fsh/valuesets/VS-ExtendedDataset.fsh
10909-0,Benzidine [Mass/volume] in Urine,Benzidine [Mass/volume] in Urine,ACTIVE,1.00,相符,input/fsh/valuesets/VS-ExtendedDataset.fsh
10913-2,"4,4'-Methylenebis(2-chloroaniline) [Mass/volume] in Urine","4,4'-Methylene bis(2-Chloroaniline) [Mass/volume] in Urine",ACTIVE,0.75,相符,input/fsh/valuesets/VS-ExtendedDataset.fsh
11212-8,Coproporphyrin [Mass/volume] in Urine,Coproporphyrin [Mass/volume] in Urine,ACTIVE,1.00,相符,input/fsh/valuesets/VS-ExtendedDataset.fsh
11215-1,Aminolevulinic acid [Mass/volume] in Urine,Delta aminolevulinate [Mass/volume] in Urine,ACTIVE,0.33,⚠️ 疑似不符（須人工判讀）,input/fsh/valuesets/VS-ExtendedDataset.fsh
11218-5,Microalbumin [Mass/volume] in Urine by Test strip,Microalbumin [Mass/volume] in Urine by Test strip,ACTIVE,1.00,相符,input/fsh/valuesets/VS-ExtendedDataset.fsh
11277-1,Epithelial cells.squamous [#/area] in Urine sediment by Microscopy high power field,Epithelial cells.squamous [#/area] in Urine sediment by Microscopy high power field,ACTIVE,1.00,相符,input/fsh/valuesets/VS-ExtendedDataset.fsh
11331-6,History of Alcohol use,History of Alcohol use,ACTIVE,1.00,相符,input/fsh/profiles/TWHA-SocialHistory.fsh
11502-2,Laboratory report,Laboratory report,ACTIVE,1.00,相符,input/fsh/profiles/TWHA-Composition.fsh
11524-6,EKG study,EKG study,ACTIVE,1.00,相符,input/fsh/valuesets/VS-ExtendedDataset.fsh
11572-5,Rheumatoid factor [Units/volume] in Serum or Plasma,Rheumatoid factor [Units/volume] in Serum or Plasma,ACTIVE,1.00,相符,input/fsh/valuesets/VS-ExtendedDataset.fsh
11580-8,Thyrotropin [Units/volume] in Serum or Plasma,Thyrotropin [Units/volume] in Serum or Plasma by Detection limit <= 0.005 mIU/L,ACTIVE,1.00,相符,input/fsh/codesystems/ConceptMap-TWHealthCheckLaboratoryMap.fsh; input/fsh/valuesets/VS-ExtendedDataset.fsh
12453-7,Amorphous phosphate crystals [Presence] in Urine sediment,Phosphate crystals amorphous [Presence] in Urine sediment by Light microscopy,ACTIVE,1.00,相符,input/fsh/valuesets/VS-ExtendedDataset.fsh
12454-5,Amorphous urate crystals [Presence] in Urine sediment,Urate crystals amorphous [Presence] in Urine sediment by Light microscopy,ACTIVE,1.00,相符,input/fsh/valuesets/VS-ExtendedDataset.fsh
12533-6,TTCA [Mass/volume] in Urine,Thiazolidine-2-Thione-4-Carboxylic acid [Mass/volume] in Urine,ACTIVE,0.50,部分相符（建議人工判讀）,input/fsh/valuesets/VS-ExtendedDataset.fsh
12543-5,Methylformamide [Mass/volume] in Urine,Methyl formamide [Mass/volume] in Urine,ACTIVE,0.50,部分相符（建議人工判讀）,input/fsh/valuesets/VS-ExtendedDataset.fsh
13000-5,Mandelate [Mass/volume] in Urine,Mandelate [Mass/volume] in Urine,ACTIVE,1.00,相符,input/fsh/valuesets/VS-ExtendedDataset.fsh
13046-8,Atypical lymphocytes/100 leukocytes in Blood,Variant lymphocytes/Leukocytes in Blood,ACTIVE,0.75,相符,input/fsh/valuesets/VS-ExtendedDataset.fsh
13047-6,Plasma cells/100 leukocytes in Blood,Plasma cells/Leukocytes in Blood,ACTIVE,1.00,相符,input/fsh/valuesets/VS-ExtendedDataset.fsh
13457-7,Cholesterol in LDL [Mass/volume] in Serum or Plasma by calculation,Cholesterol in LDL [Mass/volume] in Serum or Plasma by calculation,ACTIVE,1.00,相符,input/fsh/codesystems/ConceptMap-TWHealthCheckLaboratoryMap.fsh; input/fsh/valuesets/VS-CoreDataset.fsh
13464-3,Chromium/Creatinine [Mass Ratio] in Urine,Chromium/Creatinine [Mass Ratio] in Urine,ACTIVE,1.00,相符,input/fsh/valuesets/VS-ExtendedDataset.fsh
13471-8,Cadmium/Creatinine [Mass Ratio] in Urine,Cadmium/Creatinine [Mass Ratio] in Urine,ACTIVE,1.00,相符,input/fsh/valuesets/VS-ExtendedDataset.fsh
13655-6,Leukocytes [Presence] in Stool by Microscopy,Leukocytes [Presence] in Stool by Light microscopy,ACTIVE,1.00,相符,input/fsh/valuesets/VS-ExtendedDataset.fsh
13658-0,Urobilinogen [Presence] in Urine by Test strip,Urobilinogen [Presence] in Urine,ACTIVE,1.00,相符,input/fsh/valuesets/VS-ExtendedDataset.fsh
13705-9,Albumin/Creatinine [Mass Ratio] in Urine,Albumin/Creatinine [Mass Ratio] in 24 hour Urine,ACTIVE,1.00,相符,input/fsh/valuesets/VS-ExtendedDataset.fsh
13945-1,Erythrocytes [#/area] in Urine sediment by Microscopy high power field,Erythrocytes [#/area] in Urine sediment by Microscopy high power field,ACTIVE,1.00,相符,input/fsh/valuesets/VS-ExtendedDataset.fsh
13950-1,Hepatitis A virus IgM Ab [Presence] in Serum or Plasma,Hepatitis A virus IgM Ab [Presence] in Serum or Plasma by Immunoassay,ACTIVE,1.00,相符,input/fsh/valuesets/VS-ExtendedDataset.fsh
13952-7,Hepatitis B virus core Ab [Presence] in Serum or Plasma,Hepatitis B virus core Ab [Presence] in Serum or Plasma by Immunoassay,ACTIVE,1.00,相符,input/fsh/valuesets/VS-ExtendedDataset.fsh
13955-0,Hepatitis C virus Ab [Presence] in Serum or Plasma by Immunoassay,Hepatitis C virus Ab [Presence] in Serum or Plasma by Immunoassay,ACTIVE,1.00,相符,input/fsh/codesystems/ConceptMap-TWHealthCheckLaboratoryMap.fsh; input/fsh/valuesets/VS-CoreDataset.fsh
14099-6,Nickel [Mass/volume] in Urine,Nickel [Mass/volume] in Urine,ACTIVE,1.00,相符,input/fsh/valuesets/VS-ExtendedDataset.fsh
14390-9,Alanine aminotransferase [Enzymatic activity/volume] in Serum or Plasma by UV with P5P,Amylase [Enzymatic activity/volume] in Dialysis fluid,ACTIVE,0.40,部分相符（建議人工判讀）,input/fsh/codesystems/ConceptMap-TWHealthCheckLaboratoryMap.fsh; input/fsh/valuesets/VS-ExtendedDataset.fsh
14409-7,Aspartate aminotransferase [Enzymatic activity/volume] in Serum or Plasma by UV with P5P,Aspartate aminotransferase [Enzymatic activity/volume] in Pleural fluid,ACTIVE,0.67,部分相符（建議人工判讀）,input/fsh/codesystems/ConceptMap-TWHealthCheckLaboratoryMap.fsh; input/fsh/valuesets/VS-ExtendedDataset.fsh
14957-5,Microalbumin [Mass/volume] in Urine,Microalbumin [Mass/volume] in Urine,ACTIVE,1.00,相符,input/fsh/valuesets/VS-ExtendedDataset.fsh
1558-6,Fasting Glucose [Mass/volume] in Serum or Plasma | Fasting glucose [Mass/volume] in Serum or Plasma,Fasting glucose [Mass/volume] in Serum or Plasma,ACTIVE,1.00,相符,input/fsh/codesystems/ConceptMap-TWHealthCheckLaboratoryMap.fsh; input/fsh/examples/examples.fsh; input/fsh/valuesets/VS-CoreDataset.fsh; input/fsh/valuesets/VS-OccHealthCheck-Required.fsh
16128-1,Hepatitis C virus Ab [Presence] in Serum,Hepatitis C virus Ab [Presence] in Serum,ACTIVE,1.00,相符,input/fsh/codesystems/ConceptMap-TWHealthCheckLaboratoryMap.fsh; input/fsh/valuesets/VS-CoreDataset.fsh
1709-5,Acetylcholinesterase [Enzymatic activity/volume] in Red Blood Cells,Acetylcholinesterase [Enzymatic activity/volume] in Red Blood Cells,DISCOURAGED,1.00,相符,input/fsh/valuesets/VS-ExtendedDataset.fsh
1742-6,Alanine aminotransferase [Enzymatic activity/volume] in Serum or Plasma,Alanine aminotransferase [Enzymatic activity/volume] in Serum or Plasma,ACTIVE,1.00,相符,input/fsh/codesystems/ConceptMap-TWHealthCheckLaboratoryMap.fsh; input/fsh/valuesets/VS-ExtendedDataset.fsh; input/fsh/valuesets/VS-OccHealthCheck-Required.fsh
1744-2,Alanine aminotransferase [Enzymatic activity/volume] in Serum or Plasma by No addition of P-5'-P,Alanine aminotransferase [Enzymatic activity/volume] in Serum or Plasma by No addition of P-5'-P,ACTIVE,1.00,相符,input/fsh/codesystems/ConceptMap-TWHealthCheckLaboratoryMap.fsh; input/fsh/valuesets/VS-ExtendedDataset.fsh
1751-7,Albumin [Mass/volume] in Serum or Plasma,Albumin [Mass/volume] in Serum or Plasma,ACTIVE,1.00,相符,input/fsh/valuesets/VS-ExtendedDataset.fsh
1759-0,Albumin/Globulin [Mass Ratio] in Serum or Plasma,Albumin/Globulin [Mass Ratio] in Serum or Plasma,ACTIVE,1.00,相符,input/fsh/valuesets/VS-ExtendedDataset.fsh
17780-8,Helicobacter pylori Ag [Presence] in Stool,Helicobacter pylori Ag [Presence] in Stool by Immunoassay,ACTIVE,1.00,相符,input/fsh/valuesets/VS-ExtendedDataset.fsh
1783-0,Alkaline phosphatase [Enzymatic activity/volume] in Serum or Plasma,Alkaline phosphatase [Enzymatic activity/volume] in Blood,ACTIVE,0.80,相符,input/fsh/codesystems/ConceptMap-TWHealthCheckLaboratoryMap.fsh; input/fsh/valuesets/VS-ExtendedDataset.fsh
17861-6,Calcium [Mass/volume] in Serum or Plasma,Calcium [Mass/volume] in Serum or Plasma,ACTIVE,1.00,相符,input/fsh/valuesets/VS-ExtendedDataset.fsh
1798-8,Amylase [Enzymatic activity/volume] in Serum or Plasma,Amylase [Enzymatic activity/volume] in Serum or Plasma,ACTIVE,1.00,相符,input/fsh/valuesets/VS-ExtendedDataset.fsh
18262-6,Cholesterol in LDL [Mass/volume] in Serum or Plasma by Direct assay,Cholesterol in LDL [Mass/volume] in Serum or Plasma by Direct assay,ACTIVE,1.00,相符,input/fsh/codesystems/ConceptMap-TWHealthCheckLaboratoryMap.fsh; input/fsh/valuesets/VS-CoreDataset.fsh
1834-1,Alpha-1-fetoprotein [Mass/volume] in Serum or Plasma,Alpha-1-Fetoprotein [Mass/volume] in Serum or Plasma,ACTIVE,1.00,相符,input/fsh/valuesets/VS-ExtendedDataset.fsh
1869-7,Apolipoprotein A-I [Mass/volume] in Serum or Plasma,Apolipoprotein A-I [Mass/volume] in Serum or Plasma,ACTIVE,1.00,相符,input/fsh/valuesets/VS-ExtendedDataset.fsh
1884-6,Apolipoprotein B [Mass/volume] in Serum or Plasma,Apolipoprotein B [Mass/volume] in Serum or Plasma,ACTIVE,1.00,相符,input/fsh/valuesets/VS-ExtendedDataset.fsh
19048-8,Erythroblasts/100 leukocytes in Blood by Automated count,Nucleated erythrocytes/Leukocytes [Ratio] in Blood,ACTIVE,0.40,部分相符（建議人工判讀）,input/fsh/valuesets/VS-ExtendedDataset.fsh
19113-0,IgE [Units/volume] in Serum or Plasma,IgE [Units/volume] in Serum or Plasma,ACTIVE,1.00,相符,input/fsh/valuesets/VS-ExtendedDataset.fsh
19177-5,Alpha-1-fetoprotein [Mass/volume] in Serum or Plasma,Alpha-1-Fetoprotein [Moles/volume] in Serum or Plasma,ACTIVE,1.00,相符,input/fsh/valuesets/VS-ExtendedDataset.fsh
19199-9,Prostate specific Ag [Mass/volume] in Serum or Plasma,Prostate specific Ag [Mass/volume] in Semen,ACTIVE,0.75,相符,input/fsh/codesystems/ConceptMap-TWHealthCheckLaboratoryMap.fsh; input/fsh/valuesets/VS-ExtendedDataset.fsh
1920-8,Aspartate aminotransferase [Enzymatic activity/volume] in Serum or Plasma,Aspartate aminotransferase [Enzymatic activity/volume] in Serum or Plasma,ACTIVE,1.00,相符,input/fsh/codesystems/ConceptMap-TWHealthCheckLaboratoryMap.fsh; input/fsh/valuesets/VS-ExtendedDataset.fsh
19266-6,Amphetamines [Presence] in Urine by Screening test,Amphetamines cutoff [Mass/volume] in Urine for Screen method,ACTIVE,0.50,部分相符（建議人工判讀）,input/fsh/valuesets/VS-ExtendedDataset.fsh
19283-1,Benzodiazepines [Presence] in Urine by Screening test,Benzodiazepines cutoff [Mass/volume] in Urine for Screen method,ACTIVE,0.50,部分相符（建議人工判讀）,input/fsh/valuesets/VS-ExtendedDataset.fsh
19299-7,Opiates [Presence] in Urine by Screening test,Opiates cutoff [Mass/volume] in Urine for Screen method,ACTIVE,0.50,部分相符（建議人工判讀）,input/fsh/valuesets/VS-ExtendedDataset.fsh
19501-6,Ketamine [Presence] in Urine by Screening test,Ketamine cutoff [Mass/volume] in Urine for Screen method,ACTIVE,0.50,部分相符（建議人工判讀）,input/fsh/valuesets/VS-ExtendedDataset.fsh
19571-9,MDMA [Presence] in Urine by Screening test,Methylenedioxymethamphetamine cutoff [Mass/volume] in Urine for Screen method,ACTIVE,0.25,⚠️ 疑似不符（須人工判讀）,input/fsh/valuesets/VS-ExtendedDataset.fsh
1968-7,Bilirubin.direct [Mass/volume] in Serum or Plasma,Bilirubin.direct [Mass/volume] in Serum or Plasma,ACTIVE,1.00,相符,input/fsh/valuesets/VS-ExtendedDataset.fsh
1975-2,Bilirubin.total [Mass/volume] in Serum or Plasma,Bilirubin.total [Mass/volume] in Serum or Plasma,ACTIVE,1.00,相符,input/fsh/valuesets/VS-ExtendedDataset.fsh
1984-4,Bromide [Mass/volume] in Serum or Plasma,Bromide [Mass/volume] in Serum or Plasma,ACTIVE,1.00,相符,input/fsh/valuesets/VS-ExtendedDataset.fsh
1985-1,Bromide [Mass/volume] in Urine,Bromide [Mass/volume] in Urine,ACTIVE,1.00,相符,input/fsh/valuesets/VS-ExtendedDataset.fsh
19862-2,Total lung capacity,Total lung capacity,ACTIVE,1.00,相符,input/fsh/valuesets/VS-PulmonaryFunction.fsh
19868-9,Forced vital capacity [Volume] Respiratory system by Spirometry,Forced vital capacity [Volume] Respiratory system by Spirometry,ACTIVE,1.00,相符,input/fsh/examples/examples.fsh; input/fsh/profiles/TWHA-PulmonaryFunction.fsh; input/fsh/valuesets/VS-ExtendedDataset.fsh; input/fsh/valuesets/VS-OccHealthCheck-Required.fsh; input/fsh/valuesets/VS-PulmonaryFunction.fsh
19870-5,Forced vital capacity [Volume] Respiratory system,Forced vital capacity [Volume] Respiratory system,ACTIVE,1.00,相符,input/fsh/valuesets/VS-PulmonaryFunction.fsh
19876-2,Forced vital capacity [Volume] Respiratory system by Spirometry --pre bronchodilation,Forced vital capacity [Volume] Respiratory system by Spirometry --pre bronchodilation,ACTIVE,1.00,相符,input/fsh/valuesets/VS-ExtendedDataset.fsh; input/fsh/valuesets/VS-PulmonaryFunction.fsh
1988-5,C reactive protein [Mass/volume] in Serum or Plasma,C reactive protein [Mass/volume] in Serum or Plasma,ACTIVE,1.00,相符,input/fsh/valuesets/VS-ExtendedDataset.fsh
19911-7,Diffusion capacity.carbon monoxide,Diffusion capacity.carbon monoxide,ACTIVE,1.00,相符,input/fsh/valuesets/VS-PulmonaryFunction.fsh
19926-5,FEV1/FVC,FEV1/FVC,ACTIVE,1.00,相符,input/fsh/profiles/TWHA-PulmonaryFunction.fsh; input/fsh/valuesets/VS-ExtendedDataset.fsh; input/fsh/valuesets/VS-OccHealthCheck-Required.fsh; input/fsh/valuesets/VS-PulmonaryFunction.fsh
19935-6,Maximum expiratory gas flow Respiratory system airway by Peak flow meter,Maximum expiratory gas flow Respiratory system airway by Peak flow meter,ACTIVE,1.00,相符,input/fsh/valuesets/VS-PulmonaryFunction.fsh
20146-7,Residual volume,Residual volume,ACTIVE,1.00,相符,input/fsh/valuesets/VS-PulmonaryFunction.fsh
20150-9,FEV1,FEV1,ACTIVE,1.00,相符,input/fsh/profiles/TWHA-PulmonaryFunction.fsh; input/fsh/valuesets/VS-ExtendedDataset.fsh; input/fsh/valuesets/VS-OccHealthCheck-Required.fsh; input/fsh/valuesets/VS-PulmonaryFunction.fsh
2039-6,Carcinoembryonic Ag [Mass/volume] in Serum or Plasma,Carcinoembryonic Ag [Mass/volume] in Serum or Plasma,ACTIVE,1.00,相符,input/fsh/codesystems/ConceptMap-TWHealthCheckLaboratoryMap.fsh; input/fsh/valuesets/VS-ExtendedDataset.fsh
20448-7,Insulin [Units/volume] in Serum or Plasma,Insulin [Units/volume] in Serum or Plasma,ACTIVE,1.00,相符,input/fsh/valuesets/VS-ExtendedDataset.fsh
20456-0,Fungi yeast-like [Presence] in Urine sediment,Fungi.yeastlike [Presence] in Urine sediment by Light microscopy,ACTIVE,0.60,部分相符（建議人工判讀）,input/fsh/valuesets/VS-ExtendedDataset.fsh
20507-0,Reagin Ab [Presence] in Serum by RPR,Reagin Ab [Presence] in Serum by RPR,ACTIVE,1.00,相符,input/fsh/valuesets/VS-ExtendedDataset.fsh
20621-9,Albumin/Creatinine [Ratio] in Urine by Test strip,Albumin/Creatinine [Mass Ratio] in Urine by Test strip,ACTIVE,1.00,相符,input/fsh/valuesets/VS-ExtendedDataset.fsh
20627-6,Color of Urine,Turbidity [Presence] of Urine Qualitative,ACTIVE,0.50,部分相符（建議人工判讀）,input/fsh/valuesets/VS-ExtendedDataset.fsh
2075-0,Chloride [Moles/volume] in Serum or Plasma,Chloride [Moles/volume] in Serum or Plasma,ACTIVE,1.00,相符,input/fsh/valuesets/VS-ExtendedDataset.fsh
2085-9,Cholesterol in HDL [Mass/volume] in Serum or Plasma,Cholesterol in HDL [Mass/volume] in Serum or Plasma,ACTIVE,1.00,相符,input/fsh/valuesets/VS-CoreDataset.fsh; input/fsh/valuesets/VS-OccHealthCheck-Required.fsh
2089-1,Cholesterol in LDL [Mass/volume] in Serum or Plasma,Cholesterol in LDL [Mass/volume] in Serum or Plasma,ACTIVE,1.00,相符,input/fsh/codesystems/ConceptMap-TWHealthCheckLaboratoryMap.fsh; input/fsh/valuesets/VS-CoreDataset.fsh; input/fsh/valuesets/VS-OccHealthCheck-Required.fsh
2093-3,Cholesterol [Mass/volume] in Serum or Plasma,Cholesterol [Mass/volume] in Serum or Plasma,ACTIVE,1.00,相符,input/fsh/codesystems/ConceptMap-TWHealthCheckLaboratoryMap.fsh; input/fsh/valuesets/VS-CoreDataset.fsh; input/fsh/valuesets/VS-OccHealthCheck-Required.fsh
2098-2,Cholinesterase [Enzymatic activity/volume] in Serum or Plasma,Cholinesterase [Enzymatic activity/volume] in Serum or Plasma,ACTIVE,1.00,相符,input/fsh/valuesets/VS-ExtendedDataset.fsh
2132-9,Cobalamin (Vitamin B12) [Mass/volume] in Serum or Plasma,Cobalamin (Vitamin B12) [Mass/volume] in Serum or Plasma,ACTIVE,1.00,相符,input/fsh/valuesets/VS-ExtendedDataset.fsh
21440-3,Human papilloma virus 16+18+31+33+35+45+51+52+56 DNA [Presence] in Cervix by Probe,Human papilloma virus 16+18+31+33+35+45+51+52+56 DNA [Presence] in Cervix by Probe,ACTIVE,1.00,相符,input/fsh/valuesets/VS-ExtendedDataset.fsh
2160-0,Creatinine [Mass/volume] in Serum or Plasma,Creatinine [Mass/volume] in Serum or Plasma,ACTIVE,1.00,相符,input/fsh/codesystems/ConceptMap-TWHealthCheckLaboratoryMap.fsh; input/fsh/valuesets/VS-CoreDataset.fsh; input/fsh/valuesets/VS-OccHealthCheck-Required.fsh
2161-8,Creatinine [Mass/volume] in Urine,Creatinine [Mass/volume] in Urine,ACTIVE,1.00,相符,input/fsh/valuesets/VS-ExtendedDataset.fsh
21847-9,Usual occupation Narrative,Usual occupation Narrative,ACTIVE,1.00,相符,input/fsh/examples/examples.fsh; input/fsh/profiles/TWHA-WorkExposure.fsh
22322-2,Hepatitis B virus surface Ab [Units/volume] in Serum,Hepatitis B virus surface Ab [Presence] in Serum,ACTIVE,1.00,相符,input/fsh/valuesets/VS-ExtendedDataset.fsh
2284-8,Folate [Mass/volume] in Serum or Plasma,Folate [Mass/volume] in Serum or Plasma,ACTIVE,1.00,相符,input/fsh/valuesets/VS-ExtendedDataset.fsh
2324-2,Gamma glutamyltransferase [Enzymatic activity/volume] in Serum or Plasma,Gamma glutamyl transferase [Enzymatic activity/volume] in Serum or Plasma,ACTIVE,0.83,相符,input/fsh/valuesets/VS-ExtendedDataset.fsh
2335-8,Hemoglobin [Presence] in Stool,Hemoglobin [Presence] in Stool from gastrointestinal,ACTIVE,1.00,相符,input/fsh/valuesets/VS-ExtendedDataset.fsh
2339-0,Glucose [Mass/volume] in Blood,Glucose [Mass/volume] in Blood,ACTIVE,1.00,相符,input/fsh/codesystems/ConceptMap-TWHealthCheckLaboratoryMap.fsh; input/fsh/valuesets/VS-CoreDataset.fsh
2345-7,Glucose [Mass/volume] in Serum or Plasma,Glucose [Mass/volume] in Serum or Plasma,ACTIVE,1.00,相符,input/fsh/codesystems/ConceptMap-TWHealthCheckLaboratoryMap.fsh; input/fsh/valuesets/VS-CoreDataset.fsh
23749-5,Lead [Mass/volume] in Specimen,Lead [Mass/volume] in Specimen,ACTIVE,1.00,相符,input/fsh/codesystems/ConceptMap-TWHealthCheckLaboratoryMap.fsh; input/fsh/valuesets/VS-ExtendedDataset.fsh; input/fsh/valuesets/VS-OccHealthCheck-Required.fsh
24108-3,Cancer Ag 19-9 [Units/volume] in Serum or Plasma,Cancer Ag 19-9 [Units/volume] in Serum or Plasma,ACTIVE,1.00,相符,input/fsh/valuesets/VS-ExtendedDataset.fsh
24110-9,Treponema pallidum Ab [Presence] in Serum by Immunoassay,Treponema pallidum Ab [Presence] in Serum by Immunoassay,ACTIVE,1.00,相符,input/fsh/valuesets/VS-ExtendedDataset.fsh
2428-1,Homocysteine [Moles/volume] in Serum or Plasma,Homocysteine [Mass/volume] in Serum or Plasma,ACTIVE,1.00,相符,input/fsh/valuesets/VS-ExtendedDataset.fsh
24558-9,Ultrasound of abdomen study,US Abdomen,ACTIVE,0.50,部分相符（建議人工判讀）,input/fsh/valuesets/VS-ExtendedDataset.fsh
24579-5,XR Bones.long Survey,XR Long bones Survey Views,ACTIVE,1.00,相符,input/fsh/valuesets/VS-ExtendedDataset.fsh
24590-2,MR Brain,MR Brain,ACTIVE,1.00,相符,input/fsh/examples/examples.fsh; input/fsh/valuesets/VS-ExtendedDataset.fsh
24606-6,MG Breast Screening,MG Breast Screening,ACTIVE,1.00,相符,input/fsh/examples/examples.fsh; input/fsh/valuesets/VS-ExtendedDataset.fsh
24616-5,US Carotid aa,US Carotid arteries,ACTIVE,0.67,部分相符（建議人工判讀）,input/fsh/valuesets/VS-ExtendedDataset.fsh
24648-8,XR Chest PA upright,XR Chest PA upright,ACTIVE,1.00,相符,input/fsh/valuesets/VS-ExtendedDataset.fsh
24829-4,XR Mandible Views,XR Mandible Views,ACTIVE,1.00,相符,input/fsh/valuesets/VS-ExtendedDataset.fsh
25010-0,US Thyroid,US Thyroid gland,ACTIVE,1.00,相符,input/fsh/valuesets/VS-ExtendedDataset.fsh
25145-4,Bacteria [Presence] in Urine sediment by Light microscopy,Bacteria [Presence] in Urine sediment by Light microscopy,ACTIVE,1.00,相符,input/fsh/valuesets/VS-ExtendedDataset.fsh
2532-0,Lactate dehydrogenase [Enzymatic activity/volume] in Serum or Plasma,Lactate dehydrogenase [Enzymatic activity/volume] in Serum or Plasma,DISCOURAGED,1.00,相符,input/fsh/valuesets/VS-ExtendedDataset.fsh
25390-6,CYFRA 21-1 [Mass/volume] in Serum or Plasma,Cytokeratin 19 [Mass/volume] in Serum or Plasma,ACTIVE,0.67,部分相符（建議人工判讀）,input/fsh/valuesets/VS-ExtendedDataset.fsh
2571-8,Triglyceride [Mass/volume] in Serum or Plasma,Triglyceride [Mass/volume] in Serum or Plasma,ACTIVE,1.00,相符,input/fsh/codesystems/ConceptMap-TWHealthCheckLaboratoryMap.fsh; input/fsh/valuesets/VS-CoreDataset.fsh; input/fsh/valuesets/VS-OccHealthCheck-Required.fsh
26446-5,Blasts/100 leukocytes in Blood,Blasts/Leukocytes in Blood,ACTIVE,1.00,相符,input/fsh/valuesets/VS-ExtendedDataset.fsh
26450-7,Eosinophils/100 leukocytes in Blood by Manual count,Eosinophils/Leukocytes in Blood,ACTIVE,1.00,相符,input/fsh/valuesets/VS-ExtendedDataset.fsh
26464-8,WBC [#/volume] in Blood,Leukocytes [#/volume] in Blood,ACTIVE,0.50,部分相符（建議人工判讀）,input/fsh/codesystems/ConceptMap-TWHealthCheckLaboratoryMap.fsh; input/fsh/valuesets/VS-ExtendedDataset.fsh
26478-8,Lymphocytes/100 leukocytes in Blood by Manual count,Lymphocytes/Leukocytes in Blood,ACTIVE,1.00,相符,input/fsh/valuesets/VS-ExtendedDataset.fsh
26485-3,Monocytes/100 leukocytes in Blood by Manual count,Monocytes/Leukocytes in Blood,ACTIVE,1.00,相符,input/fsh/valuesets/VS-ExtendedDataset.fsh
26498-6,Myelocytes/100 leukocytes in Blood,Myelocytes/Leukocytes in Blood,ACTIVE,1.00,相符,input/fsh/valuesets/VS-ExtendedDataset.fsh
26505-8,Hypersegmented neutrophils/100 leukocytes in Blood,Segmented neutrophils/Leukocytes in Blood,ACTIVE,0.75,相符,input/fsh/valuesets/VS-ExtendedDataset.fsh
26508-2,Neutrophils/100 leukocytes in Blood by Manual count,Band form neutrophils/Leukocytes in Blood,ACTIVE,0.60,部分相符（建議人工判讀）,input/fsh/codesystems/ConceptMap-TWHealthCheckLaboratoryMap.fsh; input/fsh/valuesets/VS-ExtendedDataset.fsh
26511-6,Neutrophils.segmented/100 leukocytes in Blood,Neutrophils/Leukocytes in Blood,ACTIVE,1.00,相符,input/fsh/valuesets/VS-ExtendedDataset.fsh
26515-7,Platelets [#/volume] in Blood by Automated count,Platelets [#/volume] in Blood,ACTIVE,1.00,相符,input/fsh/codesystems/ConceptMap-TWHealthCheckLaboratoryMap.fsh; input/fsh/valuesets/VS-ExtendedDataset.fsh
26524-9,Promyelocytes/100 leukocytes in Blood,Promyelocytes/Leukocytes in Blood,ACTIVE,1.00,相符,input/fsh/valuesets/VS-ExtendedDataset.fsh
2725-0,p-Methylhippurate [Mass/volume] in Urine,Para methylhippurate [Mass/volume] in Urine,ACTIVE,0.67,部分相符（建議人工判讀）,input/fsh/valuesets/VS-ExtendedDataset.fsh
2758-1,Phenol [Mass/volume] in Urine,Phenol [Mass/volume] in Urine,ACTIVE,1.00,相符,input/fsh/valuesets/VS-ExtendedDataset.fsh
2777-1,Phosphate [Mass/volume] in Serum or Plasma,Phosphate [Mass/volume] in Serum or Plasma,ACTIVE,1.00,相符,input/fsh/valuesets/VS-ExtendedDataset.fsh
28014-9,EGD Study,EGD Study,ACTIVE,1.00,相符,input/fsh/examples/examples.fsh; input/fsh/valuesets/VS-ExtendedDataset.fsh
28023-0,Colonoscopy Study,Colonoscopy Study observation,ACTIVE,1.00,相符,input/fsh/examples/examples.fsh; input/fsh/valuesets/VS-ExtendedDataset.fsh
2823-3,Potassium [Moles/volume] in Serum or Plasma,Potassium [Moles/volume] in Serum or Plasma,ACTIVE,1.00,相符,input/fsh/valuesets/VS-ExtendedDataset.fsh
28539-5,MCH [Entitic mass] by Automated count,MCH [Entitic mass],ACTIVE,1.00,相符,input/fsh/codesystems/ConceptMap-TWHealthCheckLaboratoryMap.fsh; input/fsh/valuesets/VS-ExtendedDataset.fsh
28541-1,Metamyelocytes/100 leukocytes in Blood,Metamyelocytes/Leukocytes in Blood,ACTIVE,1.00,相符,input/fsh/valuesets/VS-ExtendedDataset.fsh
2857-1,Prostate specific Ag [Mass/volume] in Serum or Plasma,Prostate specific Ag [Mass/volume] in Serum or Plasma,ACTIVE,1.00,相符,input/fsh/codesystems/ConceptMap-TWHealthCheckLaboratoryMap.fsh; input/fsh/valuesets/VS-ExtendedDataset.fsh
2885-2,Protein [Mass/volume] in Serum or Plasma,Protein [Mass/volume] in Serum or Plasma,ACTIVE,1.00,相符,input/fsh/valuesets/VS-ExtendedDataset.fsh
2888-6,Protein [Mass/volume] in Urine,Protein [Mass/volume] in Urine,ACTIVE,1.00,相符,input/fsh/codesystems/ConceptMap-TWHealthCheckLaboratoryMap.fsh; input/fsh/valuesets/VS-CoreDataset.fsh
29463-7,Body weight,Body weight,ACTIVE,1.00,相符,input/fsh/examples/examples.fsh; input/fsh/valuesets/VS-OccHealthCheck-Required.fsh; input/fsh/valuesets/VS-TWHAVitalSigns.fsh
2951-2,Sodium [Moles/volume] in Serum or Plasma,Sodium [Moles/volume] in Serum or Plasma,ACTIVE,1.00,相符,input/fsh/valuesets/VS-ExtendedDataset.fsh
29545-1,Physical findings note,Physical findings note,ACTIVE,1.00,相符,input/fsh/examples/examples.fsh; input/fsh/profiles/TWHA-PhysicalExam.fsh
29771-3,Hemoglobin.occult [Mass/volume] in Stool by Immunochemical method,Hemoglobin [Presence] in Stool from gastrointestinal lower by Immunoassay,ACTIVE,0.40,部分相符（建議人工判讀）,input/fsh/valuesets/VS-ExtendedDataset.fsh
30004-6,Creatinine [Mass/volume] in Urine by Test strip,Creatinine [Mass/volume] in Urine by Test strip,ACTIVE,1.00,相符,input/fsh/valuesets/VS-ExtendedDataset.fsh
3016-3,Thyrotropin [Units/volume] in Serum or Plasma by 3rd IS,Thyrotropin [Units/volume] in Serum or Plasma,ACTIVE,1.00,相符,input/fsh/codesystems/ConceptMap-TWHealthCheckLaboratoryMap.fsh; input/fsh/valuesets/VS-ExtendedDataset.fsh
30180-4,Basophils/100 leukocytes in Blood by Manual count,Basophils/Leukocytes in Blood,ACTIVE,1.00,相符,input/fsh/valuesets/VS-ExtendedDataset.fsh
3024-7,Thyroxine (T4) free [Mass/volume] in Serum or Plasma,Thyroxine (T4) free [Mass/volume] in Serum or Plasma,ACTIVE,1.00,相符,input/fsh/valuesets/VS-ExtendedDataset.fsh
3026-2,Thyroxine (T4) total [Mass/volume] in Serum or Plasma,Thyroxine (T4) [Mass/volume] in Serum or Plasma,ACTIVE,1.00,相符,input/fsh/valuesets/VS-ExtendedDataset.fsh
3040-3,Lipase [Enzymatic activity/volume] in Serum or Plasma,Lipase [Enzymatic activity/volume] in Serum or Plasma,ACTIVE,1.00,相符,input/fsh/valuesets/VS-ExtendedDataset.fsh
3041-1,Trichloroacetate [Mass/volume] in Urine,Trichloroacetate [Mass/volume] in Urine,ACTIVE,1.00,相符,input/fsh/valuesets/VS-ExtendedDataset.fsh
30413-9,Abnormal lymphocytes/100 leukocytes in Blood,Abnormal lymphocytes/Leukocytes in Blood,ACTIVE,1.00,相符,input/fsh/valuesets/VS-ExtendedDataset.fsh
30428-7,MCV [Entitic volume] by calculation,MCV [Entitic mean volume] in Red Blood Cells,ACTIVE,0.67,部分相符（建議人工判讀）,input/fsh/codesystems/ConceptMap-TWHealthCheckLaboratoryMap.fsh; input/fsh/valuesets/VS-ExtendedDataset.fsh
3043-7,Triglyceride [Mass/volume] in Blood,Triglyceride [Mass/volume] in Blood,ACTIVE,1.00,相符,input/fsh/codesystems/ConceptMap-TWHealthCheckLaboratoryMap.fsh; input/fsh/valuesets/VS-CoreDataset.fsh
30441-0,Abnormal monocytes/100 leukocytes in Blood,Monocytes Abnormal/Leukocytes in Blood,ACTIVE,1.00,相符,input/fsh/valuesets/VS-ExtendedDataset.fsh
30466-7,Promonocytes/100 leukocytes in Blood,Promonocytes/Leukocytes in Blood,ACTIVE,1.00,相符,input/fsh/valuesets/VS-ExtendedDataset.fsh
3051-0,Triiodothyronine (T3) free [Mass/volume] in Serum or Plasma,Triiodothyronine (T3) Free [Mass/volume] in Serum or Plasma,ACTIVE,1.00,相符,input/fsh/valuesets/VS-ExtendedDataset.fsh
30522-7,C reactive protein [Mass/volume] in Serum or Plasma by High sensitivity method,C reactive protein [Mass/volume] in Serum or Plasma by High sensitivity method,ACTIVE,1.00,相符,input/fsh/valuesets/VS-ExtendedDataset.fsh
3053-6,Triiodothyronine (T3) total [Mass/volume] in Serum or Plasma,Triiodothyronine (T3) [Mass/volume] in Serum or Plasma,ACTIVE,1.00,相符,input/fsh/valuesets/VS-ExtendedDataset.fsh
3084-1,Uric acid [Mass/volume] in Serum or Plasma,Urate [Mass/volume] in Serum or Plasma,ACTIVE,0.67,部分相符（建議人工判讀）,input/fsh/valuesets/VS-ExtendedDataset.fsh
3094-0,Urea nitrogen [Mass/volume] in Serum or Plasma,Urea nitrogen [Mass/volume] in Serum or Plasma,ACTIVE,1.00,相符,input/fsh/valuesets/VS-ExtendedDataset.fsh
31147-2,Reagin Ab [Presence] in Serum by RPR -- titer,Reagin Ab [Titer] in Serum by RPR,ACTIVE,1.00,相符,input/fsh/valuesets/VS-ExtendedDataset.fsh
31170-4,"2,5-Hexanedione [Mass/volume] in Urine","2,5-Hexanedione [Mass/volume] in Urine",ACTIVE,1.00,相符,input/fsh/valuesets/VS-ExtendedDataset.fsh
32356-8,Yeast [Presence] in Urine sediment,Yeast [Presence] in Urine sediment by Light microscopy,ACTIVE,1.00,相符,input/fsh/valuesets/VS-ExtendedDataset.fsh
33218-9,Bacteria [#/volume] in Urine sediment by Automated count,Bacteria [#/area] in Urine sediment by Automated count,ACTIVE,1.00,相符,input/fsh/valuesets/VS-ExtendedDataset.fsh
33219-7,Epithelial cells.squamous [#/volume] in Urine sediment by Automated count,Epithelial cells.squamous [#/area] in Urine sediment by Automated count,ACTIVE,1.00,相符,input/fsh/valuesets/VS-ExtendedDataset.fsh
33223-9,Hyaline casts [#/volume] in Urine sediment by Automated count,Hyaline casts [#/area] in Urine sediment by Automated count,ACTIVE,1.00,相符,input/fsh/valuesets/VS-ExtendedDataset.fsh
33342-7,Epithelial cells [#/volume] in Urine sediment by Automated count,Epithelial cells [#/area] in Urine sediment by Automated count,ACTIVE,1.00,相符,input/fsh/valuesets/VS-ExtendedDataset.fsh
33668-5,Erythrocytes [Presence] in Stool by Microscopy,Erythrocytes [Presence] in Stool,ACTIVE,1.00,相符,input/fsh/valuesets/VS-ExtendedDataset.fsh
33762-6,Natriuretic peptide.proB-type N-terminal [Mass/volume] in Serum or Plasma,Natriuretic peptide.B prohormone N-Terminal [Mass/volume] in Serum or Plasma,ACTIVE,0.75,相符,input/fsh/valuesets/VS-ExtendedDataset.fsh
33863-2,"Cystatin C [Mass/volume] in Serum, Plasma or Blood",Cystatin C [Mass/volume] in Serum or Plasma,ACTIVE,1.00,相符,input/fsh/valuesets/VS-ExtendedDataset.fsh
33914-3,Glomerular filtration rate/1.73 sq M.predicted by MDRD equation,Glomerular filtration rate [Volume Rate/Area] in Serum or Plasma by Creatinine-based formula (MDRD)/1.73 sq M,DISCOURAGED,0.75,相符,input/fsh/codesystems/ConceptMap-TWHealthCheckLaboratoryMap.fsh; input/fsh/valuesets/VS-ExtendedDataset.fsh
34133-9,Summary of episode note,Summary of episode note,ACTIVE,1.00,相符,input/fsh/profiles/TWHA-Composition-ServiceRecord.fsh
34304-6,Fluoride [Mass/volume] in Urine,Fluoride [Moles/volume] in Urine,ACTIVE,1.00,相符,input/fsh/valuesets/VS-ExtendedDataset.fsh
34921-7,Plasmacytoid lymphocytes/100 leukocytes in Blood,Lymphocytes Plasmacytoid/Leukocytes in Blood,ACTIVE,1.00,相符,input/fsh/valuesets/VS-ExtendedDataset.fsh
35200-5,Cholesterol [Mass or Moles/volume] in Serum or Plasma,Cholesterol [Mass or Moles/volume] in Serum or Plasma,DISCOURAGED,1.00,相符,input/fsh/codesystems/ConceptMap-TWHealthCheckLaboratoryMap.fsh; input/fsh/valuesets/VS-CoreDataset.fsh
36643-5,XR Chest 2 Views,XR Chest 2 Views,ACTIVE,1.00,相符,input/fsh/valuesets/VS-ExtendedDataset.fsh; input/fsh/valuesets/VS-OccHealthCheck-Required.fsh
38268-9,DXA Skeletal Sys Views for BMD,DXA Skeletal system Views for bone density,ACTIVE,0.60,部分相符（建議人工判讀）,input/fsh/valuesets/VS-ExtendedDataset.fsh
38483-4,Creatinine [Mass/volume] in Blood,Creatinine [Mass/volume] in Blood,ACTIVE,1.00,相符,input/fsh/codesystems/ConceptMap-TWHealthCheckLaboratoryMap.fsh; input/fsh/valuesets/VS-CoreDataset.fsh
39156-5,Body mass index (BMI) [Ratio],Body mass index (BMI) [Ratio],ACTIVE,1.00,相符,input/fsh/examples/examples.fsh; input/fsh/valuesets/VS-TWHAVitalSigns.fsh
42221-2,Manganese [Mass/volume] in Urine,Manganese [Moles/volume] in Urine,ACTIVE,1.00,相符,input/fsh/valuesets/VS-ExtendedDataset.fsh
42254-3,Nuclear Ab [Presence] in Serum by Immunofluorescence,Nuclear Ab [Presence] in Serum by Immunofluorescence,ACTIVE,1.00,相符,input/fsh/valuesets/VS-ExtendedDataset.fsh
42524-9,Mucus [Presence] in Stool by Microscopy,Mucus [Presence] in Stool by Light microscopy,ACTIVE,1.00,相符,input/fsh/valuesets/VS-ExtendedDataset.fsh
43371-4,Salmonella and Shigella [Presence] in Stool by Culture,Salmonella and Shigella sp identified in Stool by Organism specific culture,ACTIVE,1.00,相符,input/fsh/valuesets/VS-ExtendedDataset.fsh
43755-8,Casts [#/volume] in Urine sediment by Automated count,Casts [#/area] in Urine sediment by Automated count,ACTIVE,1.00,相符,input/fsh/valuesets/VS-ExtendedDataset.fsh
4544-3,Hematocrit [Volume Fraction] of Blood,Hematocrit [Volume Fraction] of Blood by Automated count,ACTIVE,1.00,相符,input/fsh/valuesets/VS-ExtendedDataset.fsh
4548-4,Hemoglobin A1c/Hemoglobin.total in Blood,Hemoglobin A1c/Hemoglobin.total in Blood,ACTIVE,1.00,相符,input/fsh/codesystems/ConceptMap-TWHealthCheckLaboratoryMap.fsh; input/fsh/valuesets/VS-ExtendedDataset.fsh
4588-0,Hemoglobin H/Hemoglobin.total in Blood,Hemoglobin H/Hemoglobin.total in Blood,ACTIVE,1.00,相符,input/fsh/valuesets/VS-ExtendedDataset.fsh
46419-8,Erythrocytes [#/volume] in Urine sediment by Automated count,Erythrocytes [#/area] in Urine sediment by Automated count,ACTIVE,1.00,相符,input/fsh/valuesets/VS-ExtendedDataset.fsh
46673-0,Color vision [RFC],Color vision [RFC],ACTIVE,1.00,相符,input/fsh/examples/examples.fsh; input/fsh/profiles/TWHA-VisionTest.fsh
46702-7,Leukocytes [#/volume] in Urine sediment by Automated count,Leukocytes [#/area] in Urine sediment by Automated count,ACTIVE,1.00,相符,input/fsh/valuesets/VS-ExtendedDataset.fsh
46986-6,Cholesterol in VLDL [Mass/volume] in Serum or Plasma by calculation,Cholesterol in VLDL 3 [Mass/volume] in Serum or Plasma,ACTIVE,1.00,相符,input/fsh/valuesets/VS-ExtendedDataset.fsh
47214-2,Homeostasis model assessment,Homeostasis model assessment,ACTIVE,1.00,相符,input/fsh/valuesets/VS-ExtendedDataset.fsh
50235-1,Mucus [#/volume] in Urine sediment by Automated count,Mucus [#/area] in Urine sediment by Automated count,ACTIVE,1.00,相符,input/fsh/valuesets/VS-ExtendedDataset.fsh
50551-1,Bilirubin [Presence] in Urine by Test strip,Bilirubin.total [Presence] in Urine by Automated test strip,ACTIVE,1.00,相符,input/fsh/valuesets/VS-ExtendedDataset.fsh
50555-2,Glucose [Presence] in Urine by Test strip,Glucose [Presence] in Urine by Automated test strip,ACTIVE,1.00,相符,input/fsh/valuesets/VS-ExtendedDataset.fsh
50558-6,Nitrite [Presence] in Urine by Test strip,Nitrite [Presence] in Urine by Automated test strip,ACTIVE,1.00,相符,input/fsh/valuesets/VS-ExtendedDataset.fsh
50560-2,pH of Urine by Test strip,pH of Urine by Automated test strip,ACTIVE,1.00,相符,input/fsh/valuesets/VS-ExtendedDataset.fsh
50562-8,Specific gravity of Urine by Refractometer,Specific gravity of Urine by Refractometry automated,ACTIVE,0.75,相符,input/fsh/valuesets/VS-ExtendedDataset.fsh
5176-3,Helicobacter pylori IgG Ab [Presence] in Serum,Helicobacter pylori IgG Ab [Units/volume] in Serum by Immunoassay,ACTIVE,1.00,相符,input/fsh/valuesets/VS-ExtendedDataset.fsh
51913-2,Hepatitis A virus Ab [Presence] in Serum or Plasma,Hepatitis A virus IgG+IgM Ab [Presence] in Serum,ACTIVE,0.80,相符,input/fsh/valuesets/VS-ExtendedDataset.fsh
5193-8,Hepatitis B virus surface Ab [Presence] in Serum or Plasma,Hepatitis B virus surface Ab [Units/volume] in Serum or Plasma by Immunoassay,ACTIVE,1.00,相符,input/fsh/valuesets/VS-ExtendedDataset.fsh
5195-3,Hepatitis B virus surface Ag [Presence] in Serum,Hepatitis B virus surface Ag [Presence] in Serum,ACTIVE,1.00,相符,input/fsh/codesystems/ConceptMap-TWHealthCheckLaboratoryMap.fsh; input/fsh/valuesets/VS-CoreDataset.fsh
5196-1,Hepatitis B virus surface Ag [Presence] in Serum or Plasma by Immunoassay,Hepatitis B virus surface Ag [Presence] in Serum or Plasma by Immunoassay,ACTIVE,1.00,相符,input/fsh/codesystems/ConceptMap-TWHealthCheckLaboratoryMap.fsh; input/fsh/valuesets/VS-CoreDataset.fsh
53324-0,Spermatozoa [#/volume] in Urine sediment by Automated count,Spermatozoa [#/area] in Urine sediment by Automated count,ACTIVE,1.00,相符,input/fsh/valuesets/VS-ExtendedDataset.fsh
5334-8,Rubella virus IgG Ab [Units/volume] in Serum or Plasma,Rubella virus IgG Ab [Units/volume] in Serum or Plasma by Immunoassay,ACTIVE,1.00,相符,input/fsh/valuesets/VS-ExtendedDataset.fsh
53975-9,Drug crystals [Presence] in Urine sediment,Drug crystals [Presence] in Urine sediment by Light microscopy,ACTIVE,1.00,相符,input/fsh/valuesets/VS-ExtendedDataset.fsh
5403-1,Varicella zoster virus IgG Ab [Units/volume] in Serum or Plasma,Varicella zoster virus IgG Ab [Units/volume] in Serum by Immunoassay,ACTIVE,0.88,相符,input/fsh/valuesets/VS-ExtendedDataset.fsh
55284-4,Blood pressure systolic and diastolic,Blood pressure systolic and diastolic,DISCOURAGED,1.00,相符,input/fsh/valuesets/VS-OccHealthCheck-Required.fsh
5586-3,Arsenic [Mass/volume] in Urine,Arsenic [Mass/volume] in Urine,ACTIVE,1.00,相符,input/fsh/valuesets/VS-ExtendedDataset.fsh
56086-2,Waist Circumference,Adult Waist Circumference Protocol,ACTIVE,1.00,相符,input/fsh/codesystems/ConceptMap-TWHealthCheckLaboratoryMap.fsh
5609-3,Cadmium [Mass/volume] in Blood,Cadmium [Mass/volume] in Blood,ACTIVE,1.00,相符,input/fsh/valuesets/VS-ExtendedDataset.fsh
5611-9,Cadmium [Mass/volume] in Urine,Cadmium [Mass/volume] in Urine,ACTIVE,1.00,相符,input/fsh/valuesets/VS-ExtendedDataset.fsh
5622-6,Chromium [Mass/volume] in Serum or Plasma,Chromium [Mass/volume] in Serum or Plasma,ACTIVE,1.00,相符,input/fsh/valuesets/VS-ExtendedDataset.fsh
5623-4,Chromium [Mass/volume] in Urine,Chromium [Mass/volume] in Urine,ACTIVE,1.00,相符,input/fsh/valuesets/VS-ExtendedDataset.fsh
5625-9,Cobalt [Mass/volume] in Blood,Cobalt [Mass/volume] in Blood,ACTIVE,1.00,相符,input/fsh/valuesets/VS-ExtendedDataset.fsh
5627-5,Cobalt [Mass/volume] in Serum or Plasma,Cobalt [Mass/volume] in Serum or Plasma,ACTIVE,1.00,相符,input/fsh/valuesets/VS-ExtendedDataset.fsh
5653-1,Formaldehyde [Mass/volume] in Urine,Formaldehyde [Mass/volume] in Urine,ACTIVE,1.00,相符,input/fsh/valuesets/VS-ExtendedDataset.fsh
5665-5,Indium [Mass/volume] in Blood,Indium [Mass/volume] in Blood,ACTIVE,1.00,相符,input/fsh/valuesets/VS-ExtendedDataset.fsh
5671-3,Lead [Mass/volume] in Blood,Lead [Mass/volume] in Blood,DISCOURAGED,1.00,相符,input/fsh/codesystems/ConceptMap-TWHealthCheckLaboratoryMap.fsh; input/fsh/valuesets/VS-ExtendedDataset.fsh; input/fsh/valuesets/VS-OccHealthCheck-Required.fsh
5676-2,Lead [Mass/volume] in Urine,Lead [Mass/volume] in Urine,ACTIVE,1.00,相符,input/fsh/valuesets/VS-ExtendedDataset.fsh
5681-2,Manganese [Mass/volume] in Blood,Manganese [Mass/volume] in Blood,ACTIVE,1.00,相符,input/fsh/valuesets/VS-ExtendedDataset.fsh
5683-8,Manganese [Mass/volume] in Serum or Plasma,Manganese [Mass/volume] in Serum or Plasma,ACTIVE,1.00,相符,input/fsh/valuesets/VS-ExtendedDataset.fsh
5685-3,Mercury [Mass/volume] in Blood,Mercury [Mass/volume] in Blood,ACTIVE,1.00,相符,input/fsh/valuesets/VS-ExtendedDataset.fsh
56888-1,HIV 1 and 2 Ag and Ab panel [Presence] in Serum or Plasma,HIV 1+2 Ab+HIV1 p24 Ag [Presence] in Serum or Plasma by Immunoassay,ACTIVE,0.67,部分相符（建議人工判讀）,input/fsh/valuesets/VS-ExtendedDataset.fsh
5689-5,Mercury [Mass/volume] in Urine,Mercury [Mass/volume] in Urine,ACTIVE,1.00,相符,input/fsh/valuesets/VS-ExtendedDataset.fsh
5766-1,Ammonium acid urate crystals [Presence] in Urine sediment,Ammonium urate crystals [Presence] in Urine sediment by Light microscopy,ACTIVE,0.83,相符,input/fsh/valuesets/VS-ExtendedDataset.fsh
5770-3,Bilirubin [Presence] in Urine by Test strip,Bilirubin.total [Presence] in Urine by Test strip,ACTIVE,1.00,相符,input/fsh/valuesets/VS-ExtendedDataset.fsh
5771-1,Bilirubin crystals [Presence] in Urine sediment,Bilirubin crystals [Presence] in Urine sediment by Light microscopy,ACTIVE,1.00,相符,input/fsh/valuesets/VS-ExtendedDataset.fsh
5773-7,Calcium carbonate crystals [Presence] in Urine sediment,Calcium carbonate crystals [Presence] in Urine sediment by Light microscopy,ACTIVE,1.00,相符,input/fsh/valuesets/VS-ExtendedDataset.fsh
57734-6,Ketones [Presence] in Urine by Test strip,Ketones [Presence] in Urine by Automated test strip,ACTIVE,1.00,相符,input/fsh/valuesets/VS-ExtendedDataset.fsh
57735-3,Protein [Presence] in Urine by Automated test strip,Protein [Presence] in Urine by Automated test strip,ACTIVE,1.00,相符,input/fsh/valuesets/VS-CoreDataset.fsh
5774-5,Calcium oxalate crystals [Presence] in Urine sediment,Calcium oxalate crystals [Presence] in Urine sediment by Light microscopy,ACTIVE,1.00,相符,input/fsh/valuesets/VS-ExtendedDataset.fsh
5775-2,Calcium phosphate crystals [Presence] in Urine sediment,Calcium phosphate crystals [Presence] in Urine sediment by Light microscopy,ACTIVE,1.00,相符,input/fsh/valuesets/VS-ExtendedDataset.fsh
57751-0,Hemoglobin [Presence] in Urine by Test strip,Hemoglobin [Presence] in Urine by Automated test strip,ACTIVE,1.00,相符,input/fsh/valuesets/VS-ExtendedDataset.fsh
5777-8,Cholesterol crystals [Presence] in Urine sediment,Cholesterol crystals [Presence] in Urine sediment by Light microscopy,ACTIVE,1.00,相符,input/fsh/valuesets/VS-ExtendedDataset.fsh
5784-4,Cystine crystals [Presence] in Urine sediment,Cystine crystals [Presence] in Urine sediment by Light microscopy,ACTIVE,1.00,相符,input/fsh/valuesets/VS-ExtendedDataset.fsh
5787-7,Epithelial cells [#/area] in Urine sediment by Microscopy high power field,Epithelial cells [#/area] in Urine sediment by Microscopy high power field,ACTIVE,1.00,相符,input/fsh/valuesets/VS-ExtendedDataset.fsh
5788-5,Oval fat bodies [#/area] in Urine sediment by Microscopy high power field,Oval fat bodies (globules) [#/area] in Urine sediment by Microscopy high power field,ACTIVE,1.00,相符,input/fsh/valuesets/VS-ExtendedDataset.fsh
5792-7,Glucose [Presence] in Urine by Test strip,Glucose [Mass/volume] in Urine by Test strip,ACTIVE,1.00,相符,input/fsh/valuesets/VS-ExtendedDataset.fsh
5794-3,Hemoglobin [Presence] in Urine by Test strip,Hemoglobin [Presence] in Urine by Test strip,ACTIVE,1.00,相符,input/fsh/valuesets/VS-ExtendedDataset.fsh
5796-8,Hyaline casts [#/area] in Urine sediment by Microscopy low power field,Hyaline casts [#/area] in Urine sediment by Microscopy low power field,ACTIVE,1.00,相符,input/fsh/valuesets/VS-ExtendedDataset.fsh
5797-6,Ketones [Presence] in Urine by Test strip,Ketones [Mass/volume] in Urine by Test strip,ACTIVE,1.00,相符,input/fsh/valuesets/VS-ExtendedDataset.fsh
5799-2,Leukocyte esterase [Presence] in Urine by Test strip,Leukocyte esterase [Presence] in Urine by Test strip,ACTIVE,1.00,相符,input/fsh/valuesets/VS-ExtendedDataset.fsh
5802-4,Nitrite [Presence] in Urine by Test strip,Nitrite [Presence] in Urine by Test strip,ACTIVE,1.00,相符,input/fsh/valuesets/VS-ExtendedDataset.fsh
5803-2,pH of Urine by Test strip,pH of Urine by Test strip,ACTIVE,1.00,相符,input/fsh/valuesets/VS-ExtendedDataset.fsh
5804-0,Protein [Mass/volume] in Urine by Test strip,Protein [Mass/volume] in Urine by Test strip,ACTIVE,1.00,相符,input/fsh/codesystems/ConceptMap-TWHealthCheckLaboratoryMap.fsh; input/fsh/valuesets/VS-CoreDataset.fsh; input/fsh/valuesets/VS-OccHealthCheck-Required.fsh
5810-7,Specific gravity of Urine,Specific gravity of Urine by Refractometry,ACTIVE,1.00,相符,input/fsh/valuesets/VS-ExtendedDataset.fsh
5813-1,Trichomonas vaginalis [Presence] in Urine sediment,Trichomonas vaginalis [Presence] in Urine sediment by Light microscopy,ACTIVE,1.00,相符,input/fsh/valuesets/VS-ExtendedDataset.fsh
5814-9,Calcium magnesium ammonium phosphate crystals [Presence] in Urine sediment,Triple phosphate crystals [Presence] in Urine sediment by Light microscopy,ACTIVE,0.57,部分相符（建議人工判讀）,input/fsh/valuesets/VS-ExtendedDataset.fsh
5817-2,Uric acid crystals [Presence] in Urine sediment,Urate crystals [Presence] in Urine sediment by Light microscopy,ACTIVE,0.60,部分相符（建議人工判讀）,input/fsh/valuesets/VS-ExtendedDataset.fsh
5821-4,Leukocytes [#/area] in Urine sediment by Microscopy high power field,Leukocytes [#/area] in Urine sediment by Microscopy high power field,ACTIVE,1.00,相符,input/fsh/valuesets/VS-ExtendedDataset.fsh
5905-5,Monocytes/100 leukocytes in Blood by Automated count,Monocytes/Leukocytes in Blood by Automated count,ACTIVE,1.00,相符,input/fsh/valuesets/VS-ExtendedDataset.fsh
59261-8,Hemoglobin A1c/Hemoglobin.total in Blood by IFCC protocol,Hemoglobin A1c/Hemoglobin.total standardized per IFCC-RMP for CDT in Blood,ACTIVE,0.83,相符,input/fsh/codesystems/ConceptMap-TWHealthCheckLaboratoryMap.fsh; input/fsh/valuesets/VS-ExtendedDataset.fsh
60026-2,Leukocyte esterase [Presence] in Urine by Test strip,Leukocyte esterase [Presence] in Urine by Automated test strip,ACTIVE,1.00,相符,input/fsh/valuesets/VS-ExtendedDataset.fsh
60090-8,Indium [Mass/volume] in Serum or Plasma,Indium [Mass/volume] in Serum or Plasma,ACTIVE,1.00,相符,input/fsh/valuesets/VS-ExtendedDataset.fsh
60591-5,Patient summary Document,Patient summary Document,ACTIVE,1.00,相符,input/fsh/examples/examples.fsh; input/fsh/profiles/TWHA-Composition-EmergencySummary.fsh
62292-8,25-hydroxyvitamin D3 [Mass/volume] in Serum or Plasma,25-Hydroxyvitamin D3+25-Hydroxyvitamin D2 [Mass/volume] in Serum or Plasma,ACTIVE,0.75,相符,input/fsh/valuesets/VS-ExtendedDataset.fsh
62487-4,Urobilinogen [Presence] in Urine by Test strip,Urobilinogen [Presence] in Urine by Automated test strip,ACTIVE,1.00,相符,input/fsh/valuesets/VS-ExtendedDataset.fsh
63557-3,Hepatitis B virus surface Ag [Units/volume] in Serum or Plasma by Immunoassay,Hepatitis B virus surface Ag [Units/volume] in Serum or Plasma by Immunoassay,ACTIVE,1.00,相符,input/fsh/valuesets/VS-CoreDataset.fsh
6690-2,Leukocytes [#/volume] in Blood | WBC [#/volume] in Blood,Leukocytes [#/volume] in Blood by Automated count,ACTIVE,1.00,相符,input/fsh/codesystems/ConceptMap-TWHealthCheckLaboratoryMap.fsh; input/fsh/valuesets/VS-ExtendedDataset.fsh; input/fsh/valuesets/VS-OccHealthCheck-Required.fsh
6709-0,Hippurate [Mass/volume] in Urine,Hippurate [Mass/volume] in Urine,ACTIVE,1.00,相符,input/fsh/valuesets/VS-ExtendedDataset.fsh
6768-6,Alkaline phosphatase [Enzymatic activity/volume] in Serum or Plasma,Alkaline phosphatase [Enzymatic activity/volume] in Serum or Plasma,ACTIVE,1.00,相符,input/fsh/codesystems/ConceptMap-TWHealthCheckLaboratoryMap.fsh; input/fsh/valuesets/VS-ExtendedDataset.fsh
70028-6,Megakaryocytes/100 leukocytes in Blood,Megakaryocytic nuclei/Leukocytes in Blood by Manual count,ACTIVE,0.67,部分相符（建議人工判讀）,input/fsh/valuesets/VS-ExtendedDataset.fsh
706-2,Basophils/100 leukocytes in Blood by Automated count,Basophils/Leukocytes in Blood by Automated count,ACTIVE,1.00,相符,input/fsh/valuesets/VS-ExtendedDataset.fsh
713-8,Eosinophils/100 leukocytes in Blood by Automated count,Eosinophils/Leukocytes in Blood by Automated count,ACTIVE,1.00,相符,input/fsh/valuesets/VS-ExtendedDataset.fsh
718-7,Hemoglobin [Mass/volume] in Blood,Hemoglobin [Mass/volume] in Blood,ACTIVE,1.00,相符,input/fsh/valuesets/VS-ExtendedDataset.fsh; input/fsh/valuesets/VS-OccHealthCheck-Required.fsh
72166-2,Tobacco smoking status,Tobacco smoking status,ACTIVE,1.00,相符,input/fsh/examples/examples.fsh
72665-3,"trans,trans-Muconic acid [Mass/volume] in Urine","Trans,trans-muconic acid [Mass/volume] in Urine",ACTIVE,1.00,相符,input/fsh/valuesets/VS-ExtendedDataset.fsh
731-0,Lymphocytes [#/volume] in Blood by Automated count,Lymphocytes [#/volume] in Blood by Automated count,ACTIVE,1.00,相符,input/fsh/valuesets/VS-ExtendedDataset.fsh
736-9,Lymphocytes [Fraction] of WBC,Lymphocytes/Leukocytes in Blood by Automated count,ACTIVE,0.33,⚠️ 疑似不符（須人工判讀）,input/fsh/valuesets/VS-ExtendedDataset.fsh
751-8,Neutrophils [#/volume] in Blood by Automated count,Neutrophils [#/volume] in Blood by Automated count,ACTIVE,1.00,相符,input/fsh/valuesets/VS-ExtendedDataset.fsh
770-8,Neutrophils [Fraction] of WBC | Neutrophils/100 leukocytes in Blood by Automated count,Neutrophils/Leukocytes in Blood by Automated count,ACTIVE,1.00,相符,input/fsh/codesystems/ConceptMap-TWHealthCheckLaboratoryMap.fsh; input/fsh/valuesets/VS-ExtendedDataset.fsh
777-3,Platelets [#/volume] in Blood,Platelets [#/volume] in Blood by Automated count,ACTIVE,1.00,相符,input/fsh/codesystems/ConceptMap-TWHealthCheckLaboratoryMap.fsh; input/fsh/valuesets/VS-ExtendedDataset.fsh
785-6,MCH [Entitic mass] by Automated count,MCH [Entitic mass] by Automated count,ACTIVE,1.00,相符,input/fsh/codesystems/ConceptMap-TWHealthCheckLaboratoryMap.fsh; input/fsh/valuesets/VS-ExtendedDataset.fsh
786-4,MCHC [Mass/volume] by Automated count,MCHC [Entitic Mass/volume] in Red Blood Cells by Automated count,ACTIVE,1.00,相符,input/fsh/valuesets/VS-ExtendedDataset.fsh
787-2,MCV [Entitic volume] by Automated count,MCV [Entitic mean volume] in Red Blood Cells by Automated count,ACTIVE,1.00,相符,input/fsh/codesystems/ConceptMap-TWHealthCheckLaboratoryMap.fsh; input/fsh/valuesets/VS-ExtendedDataset.fsh; input/fsh/valuesets/VS-OccHealthCheck-Required.fsh
788-0,Erythrocyte distribution width [Ratio] by Automated count,Erythrocyte [DistWidth] in Blood by Automated count,ACTIVE,0.60,部分相符（建議人工判讀）,input/fsh/valuesets/VS-ExtendedDataset.fsh
789-8,Erythrocytes [#/volume] in Blood,Erythrocytes [#/volume] in Blood by Automated count,ACTIVE,1.00,相符,input/fsh/valuesets/VS-ExtendedDataset.fsh; input/fsh/valuesets/VS-OccHealthCheck-Required.fsh
79073-3,CTA Hrt+CA W contr IV,CTA Heart and Coronary arteries W contrast IV,ACTIVE,0.60,部分相符（建議人工判讀）,input/fsh/examples/examples.fsh; input/fsh/valuesets/VS-ExtendedDataset.fsh
79086-5,CT Chest Screening WO contr,CT Chest for screening WO contrast,ACTIVE,0.80,相符,input/fsh/examples/examples.fsh; input/fsh/valuesets/VS-ExtendedDataset.fsh
7962-4,Measles virus IgG Ab [Units/volume] in Serum or Plasma,Measles virus IgG Ab [Units/volume] in Serum,ACTIVE,1.00,相符,input/fsh/valuesets/VS-ExtendedDataset.fsh
804-5,WBC [#/volume] in Blood by Manual count,Leukocytes [#/volume] in Blood by Manual count,ACTIVE,0.75,相符,input/fsh/codesystems/ConceptMap-TWHealthCheckLaboratoryMap.fsh; input/fsh/valuesets/VS-ExtendedDataset.fsh
8099-4,Thyroid peroxidase Ab [Units/volume] in Serum or Plasma,Thyroperoxidase Ab [Units/volume] in Serum or Plasma,ACTIVE,0.80,相符,input/fsh/valuesets/VS-ExtendedDataset.fsh
81555-5,PT+CT Whole body Tum loc W 18F-FDG IV,PET+CT Guidance for localization of tumor of Whole body-- W 18F-FDG IV,ACTIVE,0.67,部分相符（建議人工判讀）,input/fsh/examples/examples.fsh; input/fsh/valuesets/VS-ExtendedDataset.fsh
8280-0,Waist Circumference at umbilicus by Tape measure,Waist Circumference at umbilicus by Tape measure,ACTIVE,1.00,相符,input/fsh/codesystems/ConceptMap-TWHealthCheckLaboratoryMap.fsh; input/fsh/examples/examples.fsh; input/fsh/valuesets/VS-TWHAVitalSigns.fsh
8302-2,Body height,Body height,ACTIVE,1.00,相符,input/fsh/examples/examples.fsh; input/fsh/valuesets/VS-OccHealthCheck-Required.fsh; input/fsh/valuesets/VS-TWHAVitalSigns.fsh
83082-8,Cancer Ag 125 [Units/volume] in Serum or Plasma by Immunoassay,Cancer Ag 125 [Units/volume] in Serum or Plasma by Immunoassay,ACTIVE,1.00,相符,input/fsh/codesystems/ConceptMap-TWHealthCheckLaboratoryMap.fsh; input/fsh/valuesets/VS-ExtendedDataset.fsh
83083-6,Cancer Ag 15-3 [Units/volume] in Serum or Plasma,Cancer Ag 15-3 [Units/volume] in Serum or Plasma by Immunoassay,ACTIVE,1.00,相符,input/fsh/valuesets/VS-ExtendedDataset.fsh
83084-4,Cancer Ag 19-9 [Units/volume] in Serum or Plasma by Immunoassay,Cancer Ag 19-9 [Units/volume] in Serum or Plasma by Immunoassay,ACTIVE,1.00,相符,input/fsh/valuesets/VS-ExtendedDataset.fsh
83085-1,Carcinoembryonic Ag [Mass/volume] in Serum or Plasma by Immunoassay,Carcinoembryonic Ag [Mass/volume] in Serum or Plasma by Immunoassay,ACTIVE,1.00,相符,input/fsh/codesystems/ConceptMap-TWHealthCheckLaboratoryMap.fsh; input/fsh/valuesets/VS-ExtendedDataset.fsh
83112-3,Prostate specific Ag [Mass/volume] in Serum or Plasma by Immunoassay,Prostate specific Ag [Mass/volume] in Serum or Plasma by Immunoassay,ACTIVE,1.00,相符,input/fsh/valuesets/VS-ExtendedDataset.fsh
8462-4,Diastolic blood pressure,Diastolic blood pressure,ACTIVE,1.00,相符,input/fsh/examples/examples.fsh; input/fsh/valuesets/VS-TWHAVitalSigns.fsh
8480-6,Systolic blood pressure,Systolic blood pressure,ACTIVE,1.00,相符,input/fsh/examples/examples.fsh; input/fsh/valuesets/VS-TWHAVitalSigns.fsh
85354-9,Blood pressure panel with all children optional,Blood pressure panel with all children optional,ACTIVE,1.00,相符,input/fsh/examples/examples.fsh
87279-6,CT Chest Screening,CT Chest for screening,ACTIVE,1.00,相符,input/fsh/valuesets/VS-ExtendedDataset.fsh
87729-0,History of Occupational hazard,History of Occupational hazard,ACTIVE,1.00,相符,input/fsh/examples/examples.fsh; input/fsh/profiles/TWHA-WorkExposure.fsh
88112-8,Aspartate aminotransferase [Enzymatic activity/volume] in Serum or Plasma by No addition of P-5'-P,Aspartate aminotransferase [Enzymatic activity/volume] in Serum or Plasma by No addition of P-5'-P,ACTIVE,1.00,相符,input/fsh/codesystems/ConceptMap-TWHealthCheckLaboratoryMap.fsh; input/fsh/valuesets/VS-ExtendedDataset.fsh
89015-2,Pure tone air conduction threshold audiometry panel,Pure tone air conduction threshold audiometry panel,ACTIVE,1.00,相符,input/fsh/examples/examples.fsh; input/fsh/profiles/TWHA-HearingTest.fsh; input/fsh/valuesets/VS-ExtendedDataset.fsh; input/fsh/valuesets/VS-OccHealthCheck-Required.fsh
89016-0,Hearing threshold Ear - left --1000 Hz,Hearing threshold Ear - left --1000 Hz,ACTIVE,1.00,相符,input/fsh/profiles/TWHA-HearingTest.fsh; input/fsh/valuesets/VS-ExtendedDataset.fsh
89017-8,Hearing threshold Ear - right --1000 Hz,Hearing threshold Ear - right --1000 Hz,ACTIVE,1.00,相符,input/fsh/profiles/TWHA-HearingTest.fsh; input/fsh/valuesets/VS-ExtendedDataset.fsh
89018-6,Hearing threshold Ear - left --2000 Hz,Hearing threshold Ear - left --2000 Hz,ACTIVE,1.00,相符,input/fsh/profiles/TWHA-HearingTest.fsh; input/fsh/valuesets/VS-ExtendedDataset.fsh
89019-4,Hearing threshold Ear - right --2000 Hz,Hearing threshold Ear - right --2000 Hz,ACTIVE,1.00,相符,input/fsh/profiles/TWHA-HearingTest.fsh; input/fsh/valuesets/VS-ExtendedDataset.fsh
89020-2,Hearing threshold Ear - left --3000 Hz,Hearing threshold Ear - left --3000 Hz,ACTIVE,1.00,相符,input/fsh/profiles/TWHA-HearingTest.fsh; input/fsh/valuesets/VS-ExtendedDataset.fsh
89021-0,Hearing threshold Ear - right --3000 Hz,Hearing threshold Ear - right --3000 Hz,ACTIVE,1.00,相符,input/fsh/profiles/TWHA-HearingTest.fsh; input/fsh/valuesets/VS-ExtendedDataset.fsh
89022-8,Hearing threshold Ear - left --4000 Hz,Hearing threshold Ear - left --4000 Hz,ACTIVE,1.00,相符,input/fsh/profiles/TWHA-HearingTest.fsh; input/fsh/valuesets/VS-ExtendedDataset.fsh
89023-6,Hearing threshold Ear - right --4000 Hz,Hearing threshold Ear - right --4000 Hz,ACTIVE,1.00,相符,input/fsh/profiles/TWHA-HearingTest.fsh; input/fsh/valuesets/VS-ExtendedDataset.fsh
89024-4,Hearing threshold Ear - left --500 Hz,Hearing threshold Ear - left --500 Hz,ACTIVE,1.00,相符,input/fsh/profiles/TWHA-HearingTest.fsh; input/fsh/valuesets/VS-ExtendedDataset.fsh
89025-1,Hearing threshold Ear - right --500 Hz,Hearing threshold Ear - right --500 Hz,ACTIVE,1.00,相符,input/fsh/profiles/TWHA-HearingTest.fsh; input/fsh/valuesets/VS-ExtendedDataset.fsh
89026-9,Hearing threshold Ear - left --6000 Hz,Hearing threshold Ear - left --6000 Hz,ACTIVE,1.00,相符,input/fsh/profiles/TWHA-HearingTest.fsh; input/fsh/valuesets/VS-ExtendedDataset.fsh
89027-7,Hearing threshold Ear - right --6000 Hz,Hearing threshold Ear - right --6000 Hz,ACTIVE,1.00,相符,input/fsh/profiles/TWHA-HearingTest.fsh; input/fsh/valuesets/VS-ExtendedDataset.fsh
89028-5,Hearing threshold Ear - left --8000 Hz,Hearing threshold Ear - left --8000 Hz,ACTIVE,1.00,相符,input/fsh/profiles/TWHA-HearingTest.fsh; input/fsh/valuesets/VS-ExtendedDataset.fsh
89029-3,Hearing threshold Ear - right --8000 Hz,Hearing threshold Ear - right --8000 Hz,ACTIVE,1.00,相符,input/fsh/profiles/TWHA-HearingTest.fsh; input/fsh/valuesets/VS-ExtendedDataset.fsh
93832-4,Sleep duration,Sleep duration,ACTIVE,1.00,相符,input/fsh/profiles/TWHA-SocialHistory.fsh
9397-1,Color of Stool,Color of Stool,ACTIVE,1.00,相符,input/fsh/valuesets/VS-ExtendedDataset.fsh
9633-9,Epstein Barr virus VCA IgA Ab [Presence] in Serum,Epstein Barr virus capsid IgA Ab [Titer] in Serum by Immunofluorescence,ACTIVE,0.86,相符,input/fsh/valuesets/VS-ExtendedDataset.fsh
9679-2,Squamous cell carcinoma Ag [Mass/volume] in Serum or Plasma,Squamous cell carcinoma Ag [Mass/volume] in Serum or Plasma,ACTIVE,1.00,相符,input/fsh/valuesets/VS-ExtendedDataset.fsh
97149-9,[-2]pro-prostate specific antigen [Mass/volume] in Serum or Plasma,proPSA isoform 2 [Mass/volume] in Serum or Plasma by Immunoassay,ACTIVE,0.40,部分相符（建議人工判讀）,input/fsh/valuesets/VS-ExtendedDataset.fsh
97150-7,Prostate Health Index in Serum or Plasma,Prostate health index in Serum or Plasma by calculation,ACTIVE,1.00,相符,input/fsh/valuesets/VS-ExtendedDataset.fsh
9827-7,Paraquat [Mass/volume] in Urine,Paraquat [Mass/volume] in Urine,ACTIVE,1.00,相符,input/fsh/valuesets/VS-ExtendedDataset.fsh
9830-1,Cholesterol/Cholesterol in HDL [Mass Ratio] in Serum or Plasma,Cholesterol.total/Cholesterol in HDL [Mass Ratio] in Serum or Plasma,ACTIVE,1.00,相符,input/fsh/valuesets/VS-ExtendedDataset.fsh
98497-1,Visual acuity panel,Visual acuity panel,ACTIVE,1.00,相符,input/fsh/examples/examples.fsh; input/fsh/profiles/TWHA-VisionTest.fsh; input/fsh/valuesets/VS-ExtendedDataset.fsh
98498-9,Visual acuity uncorrected Left eye,Visual acuity uncorrected Left eye,ACTIVE,1.00,相符,input/fsh/examples/examples.fsh; input/fsh/profiles/TWHA-VisionTest.fsh
98499-7,Visual acuity uncorrected Right eye,Visual acuity uncorrected Right eye,ACTIVE,1.00,相符,input/fsh/examples/examples.fsh; input/fsh/profiles/TWHA-VisionTest.fsh
98979-8,"Glomerular filtration rate [Volume Rate/Area] in Serum, Plasma or Blood by Creatinine-based formula (CKD-EPI 2021)/1.73 sq M","Glomerular filtration rate [Volume Rate/Area] in Serum, Plasma or Blood by Creatinine-based formula (CKD-EPI 2021)/1.73 sq M",ACTIVE,1.00,相符,input/fsh/codesystems/ConceptMap-TWHealthCheckLaboratoryMap.fsh; input/fsh/examples/examples.fsh; input/fsh/valuesets/VS-ExtendedDataset.fsh
