Source File	Size	loadResources	load	generateSnapshots	load-configure	scan	loadDepInfo	loadInfo	checkR4R4B	generateNarratives	validate	loadLists	checkConformanceResources	checkConformanceResources2	checkConformanceResources3	generateLogicalMaps	validateExpressions	scanForUsageStats	checkURLsUnique	processProvenanceDetails	translate	generate1	generate2	responsesForQuestionnaire	generateLogicals	makeDependencies	generateExampleZip	generateValidationPack	scanProfilesForR5	scanExamplesForR5
/fsh-generated/resources/ImplementationGuide-mohw.tw.twha.json	88866	-	0	0	0	0	0	0	22	66	0	0	0	0	0	0	0	2	0	0	0	324	752	0	0	0	0	10	0	5
fsh-generated/resources/Bundle-UC-001.json	20033	12	39	0	1	0	0	0	2	2202	0	0	0	0	0	0	0	0	0	0	0	75	147	0	0	0	1	0	0	0
fsh-generated/resources/Bundle-UC-002.json	30532	10	7	0	0	0	0	0	2	521	0	0	0	0	0	0	0	1	0	0	0	84	175	0	0	0	0	0	0	1
fsh-generated/resources/Bundle-UC-003.json	35316	12	24	0	1	0	0	0	2	526	0	0	0	0	0	0	0	0	0	0	0	96	170	0	0	0	0	0	0	0
fsh-generated/resources/Bundle-UC-004.json	17550	6	3	0	0	0	0	0	1	16	0	0	0	0	0	0	0	0	0	0	0	54	95	0	0	0	0	0	0	1
fsh-generated/resources/Bundle-UC-005.json	24861	11	12	0	0	0	0	0	2	863	0	0	0	0	0	0	0	0	0	0	0	106	118	0	0	0	0	0	0	0
fsh-generated/resources/Bundle-UC-006.json	10329	6	11	0	0	0	0	0	0	6	0	0	0	0	0	0	0	0	0	0	0	35	50	0	0	0	0	0	0	0
fsh-generated/resources/Bundle-UC-007.json	18178	6	3	0	0	0	0	0	2	8	0	0	0	0	0	0	0	0	0	0	0	58	133	0	0	0	0	0	0	1
fsh-generated/resources/Bundle-UC-008.json	5361	3	2	0	0	0	0	0	0	3	0	0	0	0	0	0	0	0	0	0	0	25	27	0	0	0	0	0	0	0
fsh-generated/resources/Bundle-UC-009.json	8257	3	1	0	0	0	0	0	0	4	0	0	0	0	0	0	0	0	0	0	0	31	35	0	0	0	0	0	0	0
fsh-generated/resources/CapabilityStatement-TWHA-CapabilityStatement.json	4507	2	0	0	0	0	0	0	1	15	0	0	0	0	0	0	0	0	0	0	0	38	38	0	0	0	0	1	0	0
fsh-generated/resources/CarePlan-example-careplan-fitness.json	1857	2	0	0	0	0	0	0	0	0	0	0	0	0	0	0	0	0	0	0	0	15	14	0	0	0	0	0	0	0
fsh-generated/resources/ClinicalImpression-example-clinical-impression.json	899	1	0	0	0	0	0	0	0	1	0	0	0	0	0	0	0	0	0	0	0	11	15	0	0	0	0	0	0	0
fsh-generated/resources/CodeSystem-CS-Appendix10Operation.json	4684	4	0	0	0	0	0	0	0	9	0	0	0	0	1	0	0	1	0	0	0	24	96	0	0	1	0	1	0	0
fsh-generated/resources/CodeSystem-CS-BetelNutAdditive.json	1070	1	0	0	0	0	0	0	0	3	0	0	0	0	0	0	0	0	0	0	0	14	49	0	0	0	0	0	0	0
fsh-generated/resources/CodeSystem-CS-BetelNutComponent.json	3354	2	0	0	1	0	0	0	1	2	0	0	0	0	0	0	0	0	0	0	0	16	50	0	0	0	0	1	0	0
fsh-generated/resources/CodeSystem-CS-BetelNutHpaCategory.json	2045	1	0	0	0	0	0	0	0	2	0	0	0	0	0	0	0	0	0	0	0	17	48	0	0	0	0	0	0	0
fsh-generated/resources/CodeSystem-CS-BetelNutInfoSource.json	1130	1	0	0	0	0	0	0	0	2	0	0	0	0	0	0	0	0	0	0	0	17	41	0	0	0	0	0	0	0
fsh-generated/resources/CodeSystem-CS-BetelNutLime.json	902	2	0	0	0	0	0	0	0	2	0	0	0	0	0	0	0	0	0	0	0	16	39	0	0	0	0	0	0	0
fsh-generated/resources/CodeSystem-CS-BetelNutObservable.json	1868	2	0	0	0	0	0	0	0	1	0	0	0	0	0	0	0	0	0	0	0	16	39	0	0	0	0	0	0	0
fsh-generated/resources/CodeSystem-CS-BetelNutStatus.json	1428	1	0	0	0	0	0	0	0	1	0	0	0	0	0	0	0	0	0	0	0	16	49	0	0	0	0	1	0	0
fsh-generated/resources/CodeSystem-CS-ExamType.json	1237	1	0	0	0	0	0	0	0	1	0	0	0	0	0	0	0	0	0	0	0	16	42	0	0	0	0	0	0	0
fsh-generated/resources/CodeSystem-CS-FitnessForWork.json	1530	1	0	0	0	0	0	0	1	2	0	0	0	0	0	0	0	0	0	0	0	17	40	0	0	0	0	0	0	0
fsh-generated/resources/CodeSystem-CS-HazardType.json	2995	2	0	0	0	0	0	0	0	3	0	0	0	0	0	0	0	0	0	0	0	22	43	0	0	0	0	0	0	0
fsh-generated/resources/CodeSystem-CS-HealthCounseling.json	2345	1	0	0	0	0	0	0	0	2	0	0	0	0	0	0	0	0	0	0	0	21	42	0	0	0	0	1	0	1
fsh-generated/resources/CodeSystem-CS-HealthMgmtLevel.json	1728	1	0	0	0	0	0	0	0	2	0	0	0	0	0	0	0	0	0	0	0	16	39	0	0	0	0	0	0	0
fsh-generated/resources/CodeSystem-CS-LaborReportCode.json	1671	1	0	0	0	0	0	0	0	2	0	0	0	0	1	0	0	0	0	0	0	18	39	0	0	0	0	0	0	0
fsh-generated/resources/CodeSystem-CS-OrganicSolventType.json	1204	2	0	0	1	0	0	0	0	2	0	0	0	0	0	0	0	0	0	0	0	19	33	0	0	0	0	0	0	0
fsh-generated/resources/CodeSystem-CS-PhysicalExamSystems.json	1755	1	0	0	0	0	1	0	1	2	0	0	0	0	0	0	0	0	0	0	1	21	38	0	0	0	0	0	0	0
fsh-generated/resources/CodeSystem-CS-ServiceActivityType.json	2357	1	0	0	0	0	0	0	0	3	0	0	0	0	0	0	0	0	0	0	0	21	33	0	0	0	0	1	0	0
fsh-generated/resources/CodeSystem-CS-SmokingStatus.json	1130	1	0	0	0	0	0	0	0	2	0	0	0	0	0	0	0	0	0	0	0	16	34	0	0	0	0	0	0	0
fsh-generated/resources/CodeSystem-CS-SpecificChemicalType.json	1434	2	0	0	0	0	0	0	0	2	0	0	0	0	0	0	0	0	0	0	0	20	37	0	0	0	0	0	0	0
fsh-generated/resources/Composition-composition-emergency-summary.json	2137	2	0	0	0	0	0	0	0	2	0	0	0	0	0	0	0	0	0	0	0	16	27	0	0	0	0	0	0	0
fsh-generated/resources/Composition-composition-uc001.json	2193	1	0	0	0	0	0	0	0	0	0	0	0	0	0	0	0	0	0	0	0	16	26	0	0	0	0	0	0	0
fsh-generated/resources/Composition-composition-uc002.json	2347	1	0	0	0	0	0	0	1	1	0	0	0	0	0	0	0	0	0	0	0	17	26	0	0	0	0	0	0	0
fsh-generated/resources/Composition-composition-uc003.json	3072	2	0	0	0	0	0	0	0	1	0	0	0	0	0	0	0	0	0	0	0	17	31	0	0	0	0	0	0	0
fsh-generated/resources/Composition-composition-uc004.json	2083	1	0	0	0	0	0	0	0	1	0	0	0	0	0	0	0	0	0	0	0	15	26	0	0	0	0	0	0	0
fsh-generated/resources/Composition-composition-uc005.json	2693	2	0	0	0	0	0	0	0	1	0	0	0	0	0	0	0	0	0	0	0	18	29	0	0	0	0	0	0	0
fsh-generated/resources/Composition-example-composition-employer-summary.json	1368	1	0	0	0	0	0	0	0	0	0	0	0	0	0	0	0	0	0	0	0	16	14	0	0	0	0	0	0	0
fsh-generated/resources/Composition-example-composition-service.json	1878	1	0	0	0	0	0	0	0	1	0	0	0	0	0	0	0	0	0	0	0	15	15	0	0	0	0	0	0	0
fsh-generated/resources/ConceptMap-Appendix10-to-HazardType.json	14500	3	0	0	0	0	0	0	1	13	0	0	0	0	0	0	0	0	0	0	0	48	50	0	0	0	0	1	0	0
fsh-generated/resources/ConceptMap-TWHealthCheckLaboratoryMap.json	21522	3	0	0	1	0	0	0	1	9	0	0	0	0	0	0	0	0	0	0	0	72	56	0	0	0	0	2	0	0
fsh-generated/resources/Condition-example-past-condition.json	977	1	0	0	0	0	0	0	0	3	0	0	0	0	0	0	0	0	0	0	0	14	14	0	0	0	0	0	0	0
fsh-generated/resources/DiagnosticReport-example-diagnostic-report.json	1099	1	0	0	0	0	0	0	0	1	0	0	0	0	0	0	0	0	0	0	0	14	16	0	0	0	0	0	0	0
fsh-generated/resources/Encounter-example-encounter-general.json	1463	1	0	0	0	0	0	0	0	2	0	0	0	0	0	0	0	0	0	0	0	15	11	0	0	0	0	0	0	0
fsh-generated/resources/Encounter-example-encounter-service.json	992	1	0	0	0	0	0	0	0	1	0	0	0	0	0	0	0	0	0	0	0	13	10	0	0	0	0	0	0	0
fsh-generated/resources/Encounter-example-encounter-special.json	1938	2	0	0	0	0	0	0	0	2	0	0	0	0	0	0	0	0	0	0	0	17	11	0	0	0	0	0	0	0
fsh-generated/resources/Group-example-group-workers.json	154	0	0	0	0	0	0	0	0	0	0	0	0	0	0	0	0	0	0	0	0	16	3	0	0	0	0	0	0	0
fsh-generated/resources/ImagingStudy-example-imaging-chest-xray.json	1049	1	0	0	0	0	0	0	0	7	0	0	0	0	0	0	0	0	0	0	0	11	8	0	0	0	0	0	0	0
fsh-generated/resources/NamingSystem-NS-ReportIdentifier.json	1319	1	11	0	0	0	0	0	0	8	72	0	0	0	0	0	0	0	0	0	0	12	8	0	0	0	0	1	0	1
fsh-generated/resources/Observation-example-service-finding.json	724	1	0	0	0	0	0	0	0	1	0	0	0	0	0	0	0	0	0	0	0	8	11	0	0	0	0	0	0	0
fsh-generated/resources/Observation-obs-alcohol.json	955	1	0	0	0	0	0	0	0	2	0	0	0	0	0	0	0	0	0	0	0	8	9	0	0	0	0	0	0	0
fsh-generated/resources/Observation-obs-betelnut-current.json	4750	2	0	0	0	0	0	0	1	489	0	0	0	0	0	0	0	1	0	0	0	15	13	0	0	0	0	0	0	0
fsh-generated/resources/Observation-obs-betelnut-never.json	1059	2	0	0	0	0	0	0	0	2	0	0	0	0	0	0	0	0	0	0	0	8	9	0	0	0	0	0	0	0
fsh-generated/resources/Observation-obs-betelnut.json	2762	1	0	0	0	0	0	0	0	2	0	0	0	0	0	0	0	0	0	0	0	12	11	0	0	0	0	0	0	0
fsh-generated/resources/Observation-obs-bloodpressure.json	1551	1	0	0	0	0	0	0	0	1	0	0	0	0	0	0	0	0	0	0	0	10	11	0	0	0	0	0	0	0
fsh-generated/resources/Observation-obs-bmi.json	885	2	0	0	0	0	0	0	0	1	0	0	0	0	0	0	0	0	0	0	0	8	8	0	0	0	0	0	0	0
fsh-generated/resources/Observation-obs-ecg.json	897	1	0	0	0	0	0	0	0	2	0	0	0	0	0	0	0	0	0	0	0	8	10	0	0	0	0	0	0	0
fsh-generated/resources/Observation-obs-endoscopy-colon.json	802	1	0	0	0	0	0	0	0	1	0	0	0	0	0	0	0	0	0	0	0	7	7	0	0	0	0	0	0	0
fsh-generated/resources/Observation-obs-endoscopy-egd.json	792	0	0	0	0	0	0	0	0	1	0	0	0	0	0	0	0	0	0	0	0	7	10	0	0	0	0	0	0	0
fsh-generated/resources/Observation-obs-exposure-lead.json	1622	2	0	0	1	0	0	0	0	1	0	0	0	0	0	0	0	0	0	0	0	9	10	0	0	0	0	0	0	0
fsh-generated/resources/Observation-obs-health-mgmt-level.json	801	1	0	0	0	0	0	0	0	1	0	0	0	0	0	0	0	0	0	0	0	7	7	0	0	0	0	0	0	0
fsh-generated/resources/Observation-obs-hearing.json	6024	2	0	0	0	0	0	0	1	3	0	0	0	0	0	0	0	0	0	0	0	22	13	0	0	0	0	0	0	0
fsh-generated/resources/Observation-obs-height.json	861	2	0	0	0	0	0	0	0	1	0	0	0	0	0	0	0	0	0	0	0	10	10	0	0	0	0	0	0	0
fsh-generated/resources/Observation-obs-imaging-brain-mri.json	798	0	0	0	0	0	0	0	0	1	0	0	0	0	0	0	0	0	0	0	0	10	8	0	0	0	0	0	0	0
fsh-generated/resources/Observation-obs-imaging-cta.json	805	2	0	0	0	0	0	0	0	1	0	0	0	0	0	0	0	0	0	0	0	11	9	0	0	0	0	0	0	0
fsh-generated/resources/Observation-obs-imaging-lung-ct.json	815	0	0	0	0	0	0	0	0	0	0	0	0	0	0	0	0	0	0	0	0	15	8	0	0	0	0	0	0	0
fsh-generated/resources/Observation-obs-imaging-mammo.json	805	0	0	0	0	0	0	0	0	2	0	0	0	0	0	0	0	0	0	0	0	8	8	0	0	0	0	0	0	0
fsh-generated/resources/Observation-obs-imaging-pet.json	821	1	0	0	0	0	0	0	0	0	0	0	0	0	0	0	0	0	0	0	0	8	8	0	0	0	0	0	0	0
fsh-generated/resources/Observation-obs-lab-egfr-absent.json	1084	1	0	0	0	0	0	0	0	1	0	0	0	0	0	0	0	0	0	0	0	8	9	0	0	0	0	0	0	0
fsh-generated/resources/Observation-obs-lab-glucose.json	1239	1	0	0	0	0	0	0	0	2	0	0	0	0	0	0	0	0	0	0	0	12	8	0	0	0	0	0	0	0
fsh-generated/resources/Observation-obs-occupation.json	1177	2	0	0	0	0	0	0	0	1	0	0	0	0	0	0	0	0	0	0	0	10	9	0	0	0	0	0	0	0
fsh-generated/resources/Observation-obs-physical.json	1685	1	0	0	0	0	0	0	1	1	0	0	0	0	0	0	0	0	0	0	0	9	8	0	0	0	0	0	0	0
fsh-generated/resources/Observation-obs-pulmonary.json	1618	2	0	0	0	0	0	0	0	2	0	0	0	0	0	0	0	0	0	0	0	9	9	0	0	0	0	0	0	0
fsh-generated/resources/Observation-obs-sleep.json	680	0	0	0	0	0	0	0	0	245	0	0	0	0	0	0	0	0	0	0	0	9	9	0	0	0	0	0	0	0
fsh-generated/resources/Observation-obs-smoking-former.json	1437	1	0	0	0	0	0	0	0	2	0	0	0	0	0	0	0	0	0	0	0	9	8	0	0	0	0	0	0	0
fsh-generated/resources/Observation-obs-smoking.json	1114	2	0	0	0	0	0	0	0	1	0	0	0	0	0	0	0	0	0	0	0	7	8	0	0	0	0	0	0	0
fsh-generated/resources/Observation-obs-vision.json	1864	1	0	0	0	0	0	0	0	2	0	0	0	0	0	0	0	0	0	0	0	9	9	0	0	0	0	0	0	0
fsh-generated/resources/Observation-obs-waist.json	896	1	0	0	0	0	0	0	0	1	0	0	0	0	0	0	0	0	0	0	0	10	9	0	0	0	0	0	0	0
fsh-generated/resources/Observation-obs-weight.json	861	1	0	0	1	0	0	0	0	1	0	0	0	0	0	0	0	0	0	0	0	7	8	0	0	0	0	0	0	0
fsh-generated/resources/OperationDefinition-Bundle-submit.json	1907	1	0	0	0	0	0	0	0	4	0	0	0	0	0	0	0	0	0	0	0	11	7	0	0	0	0	0	0	0
fsh-generated/resources/Organization-example-employer.json	732	1	0	0	0	0	0	0	0	0	0	0	0	0	0	0	0	0	0	0	0	8	4	0	0	0	0	0	0	0
fsh-generated/resources/Organization-example-hospital.json	609	1	0	0	0	0	0	0	0	0	0	0	0	0	0	0	0	0	0	0	0	6	4	0	0	0	0	0	0	0
fsh-generated/resources/Patient-example-worker.json	1171	1	0	0	0	0	0	0	0	1	0	0	0	0	0	0	0	0	0	0	0	7	9	0	0	0	0	0	0	0
fsh-generated/resources/Practitioner-example-doctor.json	421	1	0	0	0	0	0	0	0	0	0	0	0	0	0	0	0	0	0	0	0	9	3	0	0	0	0	0	0	0
fsh-generated/resources/Practitioner-example-nurse.json	420	1	0	0	0	0	0	0	0	1	0	0	0	0	0	0	0	0	0	0	0	5	4	0	0	0	0	0	0	0
fsh-generated/resources/Procedure-example-procedure-activity.json	732	1	0	0	0	0	0	0	0	0	0	0	0	0	0	0	0	0	0	0	0	6	10	0	0	0	0	0	0	0
fsh-generated/resources/Procedure-example-procedure-counseling.json	778	1	0	0	0	0	0	0	0	1	0	0	0	0	0	0	0	0	0	0	0	6	8	0	0	0	0	0	0	0
fsh-generated/resources/Questionnaire-adult-preventive-care-questionnaire.json	1859	1	0	0	0	0	0	0	1	9	0	0	0	0	0	0	0	0	0	0	0	33	26	0	0	0	0	1	0	0
fsh-generated/resources/Questionnaire-example-questionnaire.json	594	2	0	0	0	0	0	0	0	3	0	0	0	0	1	0	0	0	0	0	0	20	23	0	0	0	0	1	0	0
fsh-generated/resources/Questionnaire-twha-sdoh-questionnaire.json	1081	0	0	0	0	0	0	0	0	4	0	0	0	0	0	0	0	0	0	0	0	25	17	0	0	0	0	1	0	0
fsh-generated/resources/QuestionnaireResponse-adult-preventive-care-response.json	1694	2	0	0	0	0	0	0	0	1	0	0	0	0	0	0	0	0	0	0	0	29	22	0	0	0	0	0	0	0
fsh-generated/resources/QuestionnaireResponse-example-symptoms-response.json	795	2	0	0	0	0	0	0	0	1	0	0	0	0	0	0	0	0	0	0	0	17	20	0	0	0	0	0	0	0
fsh-generated/resources/QuestionnaireResponse-sdoh-questionnaire-response.json	1223	1	0	0	0	0	0	0	0	1	0	0	0	0	0	0	0	0	0	0	0	23	16	0	0	0	0	0	0	0
fsh-generated/resources/ServiceRequest-example-servicerequest-followup.json	539	1	0	0	0	0	0	0	0	2	0	0	0	0	0	0	0	0	0	0	0	8	8	0	0	0	0	0	0	0
fsh-generated/resources/StructureDefinition-TWHA-Bundle-Document.json	1498	4	0	26	0	0	0	0	0	29	0	0	1	0	0	1	0	1	0	0	0	143	988	0	0	0	0	4	0	1
fsh-generated/resources/StructureDefinition-TWHA-Bundle-Transaction.json	1927	1	0	187	0	0	0	0	0	27	0	0	0	0	0	0	0	0	0	0	0	122	391	0	0	0	0	4	0	0
fsh-generated/resources/StructureDefinition-TWHA-CarePlan.json	2200	1	0	46	0	0	0	0	0	17	0	0	0	0	0	0	0	2	0	0	0	155	957	0	0	0	0	5	1	1
fsh-generated/resources/StructureDefinition-TWHA-ClinicalImpression.json	2611	1	0	27	0	0	0	0	0	9	0	0	0	0	0	0	0	0	0	0	0	109	419	0	0	0	0	5	0	1
fsh-generated/resources/StructureDefinition-TWHA-Composition-EmergencySummary.json	7729	3	0	70	1	0	0	0	1	46	0	0	0	0	0	0	0	2	0	0	0	321	1059	0	0	0	0	9	0	1
fsh-generated/resources/StructureDefinition-TWHA-Composition-EmployerSummary.json	4976	2	0	46	0	0	0	0	0	19	0	0	1	0	0	0	0	1	0	0	0	220	661	0	0	0	0	6	0	1
fsh-generated/resources/StructureDefinition-TWHA-Composition-ServiceRecord.json	7293	2	0	61	0	0	0	0	0	58	0	0	0	0	0	0	0	2	0	0	0	350	700	0	0	0	0	9	0	2
fsh-generated/resources/StructureDefinition-TWHA-Composition.json	10538	3	0	80	0	0	0	0	0	41	0	0	0	0	0	0	0	3	0	0	0	493	1259	0	0	0	0	13	0	2
fsh-generated/resources/StructureDefinition-TWHA-Condition.json	1257	1	0	28	0	0	0	0	0	11	0	0	0	0	0	0	0	1	0	0	0	114	982	0	0	0	0	3	0	1
fsh-generated/resources/StructureDefinition-TWHA-DiagnosticReport.json	1778	1	0	34	0	0	0	0	0	11	0	0	0	0	0	0	0	1	0	0	0	138	611	0	0	0	0	5	0	1
fsh-generated/resources/StructureDefinition-TWHA-ECG.json	2366	1	0	92	0	0	0	0	0	25	0	0	1	0	0	0	0	2	0	0	0	398	1305	0	0	0	0	12	1	1
fsh-generated/resources/StructureDefinition-TWHA-Encounter-Service.json	3116	1	0	56	0	0	0	0	0	26	0	0	0	0	0	0	0	2	0	0	0	230	788	0	0	0	0	7	0	1
fsh-generated/resources/StructureDefinition-TWHA-Encounter.json	3785	1	0	44	0	0	0	0	0	21	0	0	0	0	0	0	0	2	0	0	0	233	721	0	0	0	0	7	0	1
fsh-generated/resources/StructureDefinition-TWHA-HealthManagementLevel.json	2553	1	0	24	0	0	0	0	1	12	0	0	0	0	0	0	0	1	0	0	0	153	809	0	0	0	0	5	0	0
fsh-generated/resources/StructureDefinition-TWHA-HearingTest.json	22035	6	0	169	0	0	0	0	0	82	0	0	1	0	1	0	0	5	0	0	0	951	1765	0	0	0	0	21	0	2
fsh-generated/resources/StructureDefinition-TWHA-ImagingStudy.json	986	1	0	51	0	0	0	0	0	11	0	0	0	0	0	0	0	1	0	0	0	133	367	0	0	0	0	5	1	1
fsh-generated/resources/StructureDefinition-TWHA-LabResult-General.json	2002	0	0	35	0	0	0	0	0	12	0	0	0	0	0	0	0	1	0	0	0	162	521	0	0	0	0	5	0	0
fsh-generated/resources/StructureDefinition-TWHA-LabResult-Special.json	1998	1	0	27	0	0	0	0	0	10	0	0	0	0	0	0	0	1	0	0	0	132	585	0	0	0	0	4	0	1
fsh-generated/resources/StructureDefinition-TWHA-Observation-ServiceFinding.json	3081	2	0	24	0	0	0	0	0	19	0	0	0	0	0	0	0	0	0	0	0	158	268	0	0	0	0	6	0	0
fsh-generated/resources/StructureDefinition-TWHA-Occupation.json	1831	1	0	44	0	0	0	0	0	23	0	0	0	0	0	0	0	2	0	0	0	236	447	0	0	0	0	8	0	1
fsh-generated/resources/StructureDefinition-TWHA-Organization-Employer.json	939	0	0	19	0	0	0	0	0	8	0	0	0	0	0	0	0	1	0	0	0	86	230	0	0	0	0	3	0	0
fsh-generated/resources/StructureDefinition-TWHA-Organization-Facility.json	917	1	0	16	1	0	0	0	0	7	0	0	1	0	0	0	0	1	0	0	0	85	220	0	0	0	0	2	0	1
fsh-generated/resources/StructureDefinition-TWHA-Patient.json	1921	1	0	70	0	0	0	0	0	26	0	0	0	0	0	0	0	3	0	0	0	342	849	0	0	0	0	11	1	1
fsh-generated/resources/StructureDefinition-TWHA-PhysicalExam.json	3595	2	0	31	0	0	0	0	0	15	0	0	0	0	0	0	0	1	0	0	0	178	288	0	0	1	0	6	0	1
fsh-generated/resources/StructureDefinition-TWHA-Practitioner.json	825	1	0	44	0	0	0	0	0	18	0	0	0	0	0	0	0	2	0	0	0	223	446	0	0	0	0	10	0	1
fsh-generated/resources/StructureDefinition-TWHA-Procedure-Counseling.json	1812	1	0	28	0	0	0	0	0	10	0	0	0	0	0	0	0	1	0	0	0	128	288	0	0	0	0	5	0	0
fsh-generated/resources/StructureDefinition-TWHA-Procedure-ServiceActivity.json	2674	1	0	20	0	0	0	0	0	10	0	0	1	0	0	0	0	1	0	0	0	123	207	0	0	0	0	6	0	1
fsh-generated/resources/StructureDefinition-TWHA-PulmonaryFunction.json	4708	1	0	31	0	0	0	0	0	17	0	0	0	0	0	0	0	1	0	0	0	228	325	0	0	0	0	10	0	0
fsh-generated/resources/StructureDefinition-TWHA-Questionnaire.json	956	1	0	26	0	0	0	0	0	11	0	0	0	0	0	0	0	1	0	0	0	157	246	0	0	0	0	7	0	1
fsh-generated/resources/StructureDefinition-TWHA-QuestionnaireResponse-HT.json	2046	1	0	21	0	0	0	0	0	8	0	0	0	0	1	0	0	1	0	0	0	112	211	0	0	0	0	4	1	0
fsh-generated/resources/StructureDefinition-TWHA-QuestionnaireResponse.json	1987	1	0	17	0	0	0	0	0	9	0	0	1	0	0	0	0	1	0	0	0	112	203	0	0	0	0	4	0	0
fsh-generated/resources/StructureDefinition-TWHA-SDOH-QuestionnaireResponse.json	2033	1	0	19	0	0	0	0	1	9	0	0	0	0	0	0	0	0	0	0	0	113	203	0	0	0	0	3	0	1
fsh-generated/resources/StructureDefinition-TWHA-ServiceRequest.json	1465	1	0	22	0	0	0	0	0	79	0	0	0	0	0	0	0	1	0	0	0	128	290	0	0	0	0	4	0	0
fsh-generated/resources/StructureDefinition-TWHA-SocialHistory-Alcohol.json	2768	3	0	21	0	0	0	0	0	12	0	0	0	0	0	0	0	1	0	0	0	165	237	0	0	0	0	5	0	1
fsh-generated/resources/StructureDefinition-TWHA-SocialHistory-BetelNut.json	13933	4	0	65	0	0	0	0	0	44	0	0	0	0	0	0	0	2	0	0	0	621	987	0	0	0	0	15	0	1
fsh-generated/resources/StructureDefinition-TWHA-SocialHistory-Sleep.json	3180	1	0	25	1	0	0	0	0	18	0	0	0	0	0	0	0	0	0	0	0	183	245	0	0	0	0	6	0	0
fsh-generated/resources/StructureDefinition-TWHA-SocialHistory-Smoking.json	4443	2	0	36	0	0	0	0	0	28	0	0	0	0	0	0	0	1	0	0	0	215	1830	0	0	0	0	7	0	1
fsh-generated/resources/StructureDefinition-TWHA-Task-ServiceTask.json	3206	1	0	93	0	0	0	0	0	11	0	0	0	0	0	0	0	1	0	0	0	139	258	0	0	0	0	4	0	1
fsh-generated/resources/StructureDefinition-TWHA-VisionTest.json	5219	2	0	38	0	0	0	0	0	20	0	0	0	0	0	0	0	1	0	0	0	270	366	0	0	0	0	8	1	0
fsh-generated/resources/StructureDefinition-TWHA-VitalSigns.json	1928	1	0	26	0	0	0	0	0	11	0	0	0	0	0	0	0	1	0	0	0	185	550	0	0	0	0	5	0	1
fsh-generated/resources/StructureDefinition-TWHA-WorkExposure.json	4640	1	0	29	0	0	0	0	0	15	0	0	1	0	0	0	0	0	0	0	0	248	296	0	0	0	0	7	0	1
fsh-generated/resources/StructureDefinition-ext-cessation-duration.json	1631	1	0	4	0	0	0	0	0	4	0	0	0	0	0	0	0	0	0	0	0	32	137	0	0	0	0	1	0	0
fsh-generated/resources/StructureDefinition-ext-department.json	1471	1	0	2	0	0	0	0	0	5	0	0	0	0	0	0	0	0	0	0	0	31	130	0	0	0	0	0	0	0
fsh-generated/resources/StructureDefinition-ext-employer-info.json	1843	1	0	3	0	0	0	0	0	3	0	0	0	0	0	0	0	1	0	0	0	33	102	0	0	0	0	1	0	0
fsh-generated/resources/StructureDefinition-ext-employment-date.json	1569	1	0	2	0	0	0	0	0	3	0	0	0	0	0	0	0	0	0	0	0	32	103	0	0	0	0	1	0	0
fsh-generated/resources/StructureDefinition-ext-exam-interval.json	1643	1	0	2	0	0	0	0	0	4	0	0	0	0	0	0	0	0	0	0	0	31	101	0	0	0	0	1	0	0
fsh-generated/resources/StructureDefinition-ext-exam-type.json	1617	1	0	3	0	0	0	0	0	3	0	0	0	0	1	0	0	0	0	0	0	33	98	0	0	0	0	1	0	0
fsh-generated/resources/StructureDefinition-ext-fitness-for-work.json	1827	1	0	2	0	0	0	0	0	3	0	0	0	0	0	0	0	0	0	0	0	34	100	0	0	0	0	2	0	0
fsh-generated/resources/StructureDefinition-ext-hazard-type.json	1814	1	0	2	0	0	0	0	0	3	0	0	0	0	0	0	0	0	0	0	0	34	99	0	0	0	0	1	0	0
fsh-generated/resources/StructureDefinition-ext-health-mgmt-level.json	1888	1	0	3	1	0	0	0	0	3	0	0	0	0	0	0	0	0	0	0	0	36	97	0	0	0	0	1	0	0
fsh-generated/resources/StructureDefinition-ext-labor-report-code.json	1958	1	0	4	0	0	0	0	1	3	0	0	0	0	0	0	0	0	0	0	0	35	98	0	0	0	0	1	0	0
fsh-generated/resources/StructureDefinition-ext-smoking-quantity.json	2856	2	0	5	0	0	0	0	0	10	0	0	0	0	0	0	0	0	0	0	0	69	127	0	0	0	0	3	0	0
fsh-generated/resources/Task-example-service-task.json	818	1	0	0	0	0	0	0	0	1	0	0	0	0	0	0	0	0	0	0	0	9	12	0	0	0	0	0	0	0
fsh-generated/resources/ValueSet-VS-Appendix10-Dust-RequiredSet.json	1266	1	0	0	0	0	0	0	0	534	0	0	0	0	0	0	0	0	0	0	0	10	400	0	0	0	0	0	0	0
fsh-generated/resources/ValueSet-VS-Appendix10-Lead-RequiredSet.json	1468	1	0	0	0	0	0	0	0	244	0	0	0	0	0	0	0	0	0	0	0	11	305	0	0	0	0	1	0	0
fsh-generated/resources/ValueSet-VS-Appendix10-Noise-RequiredSet.json	970	0	0	0	0	0	0	0	0	285	0	0	0	0	0	0	0	0	0	0	0	10	310	0	0	0	0	0	0	0
fsh-generated/resources/ValueSet-VS-Appendix10-Operation.json	746	1	0	0	0	0	0	0	0	2	0	0	0	0	0	0	0	0	0	0	0	12	63	0	0	0	0	0	0	0
fsh-generated/resources/ValueSet-VS-Appendix10-OrganicSolvent-RequiredSet.json	2404	1	0	0	0	0	0	0	1	214	0	0	0	0	0	0	0	0	0	0	0	14	253	0	0	0	0	0	0	0
fsh-generated/resources/ValueSet-VS-Appendix10-RequiredSet.json	1565	1	0	0	0	0	0	0	0	72	0	0	0	0	0	0	0	0	0	0	0	12	43	0	0	0	0	1	0	0
fsh-generated/resources/ValueSet-VS-Appendix9-RequiredSet.json	3803	1	0	0	0	0	0	0	0	213	0	0	0	0	0	0	0	0	0	0	0	23	271	0	0	0	0	0	0	0
fsh-generated/resources/ValueSet-VS-BetelNutAdditive.json	713	0	0	0	0	0	0	0	0	2	0	0	0	0	1	0	0	0	0	0	0	10	47	0	0	0	0	0	0	0
fsh-generated/resources/ValueSet-VS-BetelNutHpaCategory.json	784	1	0	0	0	0	0	0	0	1	0	0	0	0	0	0	0	0	0	0	0	10	41	0	0	0	0	0	0	0
fsh-generated/resources/ValueSet-VS-BetelNutInfoSource.json	735	1	0	0	0	0	0	0	1	1	0	0	0	0	0	0	0	0	0	0	0	10	43	0	0	0	0	1	0	0
fsh-generated/resources/ValueSet-VS-BetelNutLime.json	699	1	0	0	0	0	0	0	0	1	0	0	0	0	0	0	0	0	0	0	0	9	40	0	0	0	0	0	0	0
fsh-generated/resources/ValueSet-VS-BetelNutStatus.json	808	0	0	0	1	0	0	0	0	1	0	0	0	0	0	0	0	0	0	0	0	8	48	0	0	0	0	0	0	0
fsh-generated/resources/ValueSet-VS-CoreDataset.json	3867	1	0	0	0	0	0	0	0	467	0	0	0	0	0	0	0	0	0	0	0	17	56	0	0	0	0	1	0	0
fsh-generated/resources/ValueSet-VS-CoreUploadSet.json	2153	1	0	0	0	0	0	0	0	248	0	0	0	0	0	0	0	0	0	0	0	13	297	0	0	0	0	0	0	1
fsh-generated/resources/ValueSet-VS-ExamType.json	504	0	0	0	0	0	0	0	0	1	0	0	0	0	0	0	0	0	0	0	0	9	39	0	0	0	0	0	0	0
fsh-generated/resources/ValueSet-VS-ExtendedDataset.json	37824	5	0	0	0	0	0	0	2	539	0	0	0	0	0	0	0	1	0	0	0	94	208	0	0	0	0	4	0	0
fsh-generated/resources/ValueSet-VS-FitnessForWork.json	728	1	0	0	0	0	0	0	0	2	0	0	0	0	0	0	0	0	0	0	0	11	39	0	0	0	0	1	0	0
fsh-generated/resources/ValueSet-VS-HazardType.json	669	1	0	0	0	0	0	0	0	2	0	0	0	0	0	0	0	0	0	0	0	8	37	0	0	0	0	0	0	0
fsh-generated/resources/ValueSet-VS-HealthCounseling.json	536	0	0	0	0	0	0	0	0	1	0	0	0	0	0	0	0	0	0	0	0	8	37	0	0	0	0	0	0	0
fsh-generated/resources/ValueSet-VS-HealthMgmtLevel.json	745	1	0	0	0	0	0	0	0	4	0	0	0	0	0	0	0	0	0	0	0	8	38	0	0	0	0	0	0	0
fsh-generated/resources/ValueSet-VS-LaborReportCode.json	736	1	0	0	0	0	0	0	0	1	0	0	0	0	0	0	0	0	0	0	0	8	38	0	0	0	0	0	0	0
fsh-generated/resources/ValueSet-VS-OccHealthCheck-Required.json	3581	1	0	0	0	0	0	0	1	216	0	0	0	0	1	0	0	0	0	0	0	21	256	0	0	0	0	1	0	0
fsh-generated/resources/ValueSet-VS-OrganicSolventType.json	694	0	0	0	0	0	0	0	0	3	0	0	0	0	0	0	0	0	0	0	0	9	37	0	0	0	0	0	0	0
fsh-generated/resources/ValueSet-VS-PhysicalExamSystems.json	695	1	0	0	0	0	0	0	0	2	0	0	0	0	0	0	0	0	0	0	0	8	35	0	0	0	0	0	0	0
fsh-generated/resources/ValueSet-VS-PulmonaryFunction.json	1819	1	0	0	0	0	0	0	0	206	0	0	0	0	0	0	0	0	0	0	0	11	255	0	0	0	0	1	0	0
fsh-generated/resources/ValueSet-VS-ServiceActivityType.json	768	1	0	0	0	0	0	0	0	1	0	0	0	0	0	0	0	0	0	0	0	10	28	0	0	0	0	0	0	0
fsh-generated/resources/ValueSet-VS-SmokingStatus.json	637	0	0	0	0	0	0	0	0	0	0	0	0	0	0	0	0	0	0	0	0	12	31	0	0	0	0	0	0	0
fsh-generated/resources/ValueSet-VS-SpecificChemicalType.json	714	1	0	0	0	0	0	0	0	1	0	0	0	0	0	0	0	0	0	0	0	9	30	0	0	0	0	0	0	0
fsh-generated/resources/ValueSet-VS-TWHAVitalSigns.json	1522	1	0	0	0	0	0	0	0	246	0	0	0	0	0	0	0	0	0	0	0	17	32	0	0	0	0	0	0	0
fsh-generated/resources/ValueSet-VS-TimeUnitYearMonth.json	1040	0	0	0	0	0	0	0	0	248	0	0	0	0	0	0	0	0	0	0	0	12	31	0	0	0	0	1	0	0
fsh-generated/resources/ValueSet-VS-UnfitDiseases.json	740	1	0	0	0	0	0	0	0	1	0	0	0	0	0	0	0	0	0	0	0	9	146	0	0	0	0	0	0	0
/fsh-generated/includes/menu.xml	3189	-	-	-	0	0	0	0	0	0	0	0	0	0	0	0	0	0	0	0	0	0	1	0	0	0	0	0	0	0
/fsh-generated/includes/fsh-link-references.md	11243	-	-	-	0	0	0	0	0	0	0	0	0	0	0	0	0	0	0	0	0	0	1	0	0	0	0	0	0	0
/input/data/stringsArtifacts.json	15342	-	-	-	0	0	0	0	0	0	0	0	0	0	0	0	0	0	0	0	0	0	0	0	0	0	0	0	0	0
/input/data/stringsBase.json	11025	-	-	-	0	0	0	0	0	0	0	0	0	0	0	0	0	0	0	0	0	0	1	0	0	0	0	0	0	0
/input/pagecontent/examples.md	13213	-	-	-	0	0	0	0	0	0	0	0	0	0	0	0	0	0	0	0	0	0	1	0	0	0	0	0	0	0
/input/pagecontent/quickstart.md	11494	-	-	-	0	0	0	0	0	0	0	0	0	0	0	0	0	0	0	0	0	0	0	0	0	0	0	0	0	0
/input/pagecontent/index.md	11068	-	-	-	0	0	0	0	0	0	0	0	0	0	0	0	0	0	0	0	0	0	1	0	0	0	0	0	0	0
/input/pagecontent/background.md	6916	-	-	-	0	0	0	0	0	0	0	0	0	0	0	0	0	0	0	0	0	0	1	0	0	0	0	0	0	0
/input/pagecontent/adult-preventive-care.md	3557	-	-	-	0	0	0	0	0	0	0	0	0	0	0	0	0	0	0	0	0	0	0	0	0	0	0	0	0	0
/input/pagecontent/security.md	12349	-	-	-	0	0	0	0	0	0	0	0	0	0	0	0	0	0	0	0	0	0	1	0	0	0	0	0	0	0
/input/pagecontent/usecases.md	9418	-	-	-	0	0	0	0	0	0	0	0	0	0	0	0	0	0	0	0	0	0	1	0	0	0	0	0	0	0
/input/pagecontent/datamodel.md	7413	-	-	-	0	0	0	0	0	0	0	0	0	0	0	0	0	0	0	0	0	0	0	0	0	0	0	0	0	0
/input/pagecontent/downloads.md	5846	-	-	-	0	0	0	0	0	0	0	0	0	0	0	0	0	0	0	0	0	0	1	0	0	0	0	0	0	0
/input/pagecontent/conformance.md	20887	-	-	-	0	0	0	0	0	0	0	0	0	0	0	0	0	0	0	0	0	0	1	0	0	0	0	0	0	0
/input/pagecontent/terminology.md	47354	-	-	-	0	0	0	0	0	0	0	0	0	0	0	0	0	0	0	0	0	0	4	0	0	0	0	0	0	0
/input/pagecontent/service-record.md	3145	-	-	-	0	0	0	0	0	0	0	0	0	0	0	0	0	0	0	0	0	0	0	0	0	0	0	0	0	0
/input/pagecontent/profiles-and-extensions.md	13296	-	-	-	0	0	0	0	0	0	0	0	0	0	0	0	0	0	0	0	0	0	1	0	0	0	0	0	0	0
/input/pagecontent/ip-statements.md	3918	-	-	-	0	0	0	0	0	0	0	0	0	0	0	0	0	0	0	0	0	0	0	0	0	0	0	0	0	0
/input/pagecontent/health-management.md	2949	-	-	-	0	0	0	0	0	0	0	0	0	0	0	0	0	0	0	0	0	0	1	0	0	0	0	0	0	0
/input/pagecontent/special-exam.md	20717	-	-	-	0	0	0	0	0	0	0	0	0	0	0	0	0	0	0	0	0	0	1	0	0	0	0	0	0	0
/input/pagecontent/history.md	3210	-	-	-	0	0	0	0	0	0	0	0	0	0	0	0	0	0	0	0	0	0	0	0	0	0	0	0	0	0
/input/pagecontent/open-issues.md	4972	-	-	-	0	0	0	0	0	0	0	0	0	0	0	0	0	0	0	0	0	0	0	0	0	0	0	0	0	0
/input/pagecontent/general-exam.md	8961	-	-	-	0	0	0	0	0	0	0	0	0	0	0	0	0	0	0	0	0	0	1	0	0	0	0	0	0	0
/template/config	0	-	-	-	0	0	0	0	0	0	0	0	0	0	0	0	0	0	0	0	0	0	0	0	0	0	0	0	0	0
/template/config/_config.yml	140	-	-	-	0	0	0	0	0	0	0	0	0	0	0	0	0	0	0	0	0	0	0	0	0	0	0	0	0	0
/input/assets	0	-	-	-	0	0	0	0	0	0	0	0	0	0	0	0	0	0	0	0	0	0	0	0	0	0	0	0	0	0
/input/assets/snomed-loinc-mappings.csv	4882	-	-	-	0	0	0	0	0	0	0	0	0	0	0	0	0	0	0	0	0	0	0	0	0	0	0	0	0	0
/input/assets/fsh-source.zip	130527	-	-	-	0	0	0	0	0	0	0	0	0	0	0	0	0	0	0	0	0	0	1	0	0	0	0	0	0	0
/input/assets/display-verification-report.csv	60103	-	-	-	0	0	0	0	0	0	0	0	0	0	0	0	0	0	0	0	0	0	0	0	0	0	0	0	0	0
/input/assets/loinc-valuesets.xlsx	26700	-	-	-	0	0	0	0	0	0	0	0	0	0	0	0	0	0	0	0	0	0	0	0	0	0	0	0	0	0
/input/assets/extended-ucum-reference.csv	53288	-	-	-	0	0	0	0	0	0	0	0	0	0	0	0	0	0	0	0	0	0	0	0	0	0	0	0	0	0
/input/assets/snomed-mappings.xlsx	6612	-	-	-	0	0	0	0	0	0	0	0	0	0	0	0	0	0	0	0	0	0	0	0	0	0	0	0	0	0
/temp/pages/_includes/artifacts.xml	130861	-	-	-	-	-	-	-	-	-	-	-	-	-	-	-	-	-	-	-	-	-	4	0	0	0	0	0	0	0
