loinc,ig_display,loinc_display,ucum_suggested,source,verification,note
10334-1,Cancer Ag 125 [Units/volume] in Serum or Plasma,Cancer Ag 125 [Units/volume] in Serum or Plasma,[arb'U];[arb'U]/mL,"LOINC EXAMPLE_UCUM_UNITS (tx.fhir.org, LOINC 2.82)",相符,
103892-6,DBT Brst Screening,DBT Breast screening,,LOINC 未提供建議單位,LOINC 未提供,
10701-1,Ova and parasites [Presence] in Stool by Concentration method,Ova and parasites identified in Stool by Concentration,,LOINC 未提供建議單位,LOINC 未提供,
10704-5,Ova and parasites [Presence] in Stool by Microscopy,Ova and parasites identified in Stool by Light microscopy,,LOINC 未提供建議單位,LOINC 未提供,
10834-0,Globulin [Mass/volume] in Serum or Plasma by calculation,Globulin [Mass/volume] in Serum by calculation,g/L,"LOINC EXAMPLE_UCUM_UNITS (tx.fhir.org, LOINC 2.82)",相符,
10835-7,Lipoprotein A [Mass/volume] in Serum or Plasma,Lipoprotein a [Mass/volume] in Serum or Plasma,mg/dL,"LOINC EXAMPLE_UCUM_UNITS (tx.fhir.org, LOINC 2.82)",相符,
10886-0,Prostate specific Ag.free [Mass/volume] in Serum or Plasma,Prostate Specific Ag Free [Mass/volume] in Serum or Plasma,ng/mL,"LOINC EXAMPLE_UCUM_UNITS (tx.fhir.org, LOINC 2.82)",相符,
10909-0,Benzidine [Mass/volume] in Urine,Benzidine [Mass/volume] in Urine,ng/mL,"LOINC EXAMPLE_UCUM_UNITS (tx.fhir.org, LOINC 2.82)",相符,
10913-2,"4,4'-Methylenebis(2-chloroaniline) [Mass/volume] in Urine","4,4'-Methylene bis(2-Chloroaniline) [Mass/volume] in Urine",ng/mL,"LOINC EXAMPLE_UCUM_UNITS (tx.fhir.org, LOINC 2.82)",相符,
11212-8,Coproporphyrin [Mass/volume] in Urine,Coproporphyrin [Mass/volume] in Urine,ug/L,"LOINC EXAMPLE_UCUM_UNITS (tx.fhir.org, LOINC 2.82)",相符,
11215-1,Aminolevulinic acid [Mass/volume] in Urine,Delta aminolevulinate [Mass/volume] in Urine,mg/dL,"LOINC EXAMPLE_UCUM_UNITS (tx.fhir.org, LOINC 2.82)",相符,
11218-5,Microalbumin [Mass/volume] in Urine by Test strip,Microalbumin [Mass/volume] in Urine by Test strip,mg/dL,"LOINC EXAMPLE_UCUM_UNITS (tx.fhir.org, LOINC 2.82)",相符,
11277-1,Epithelial cells.squamous [#/area] in Urine sediment by Microscopy high power field,Epithelial cells.squamous [#/area] in Urine sediment by Microscopy high power field,/[HPF],"LOINC EXAMPLE_UCUM_UNITS (tx.fhir.org, LOINC 2.82)",相符,
11524-6,EKG study,EKG study,,LOINC 未提供建議單位,LOINC 未提供,
11572-5,Rheumatoid factor [Units/volume] in Serum or Plasma,Rheumatoid factor [Units/volume] in Serum or Plasma,[IU]/mL,"LOINC EXAMPLE_UCUM_UNITS (tx.fhir.org, LOINC 2.82)",相符,
11580-8,Thyrotropin [Units/volume] in Serum or Plasma,Thyrotropin [Units/volume] in Serum or Plasma by Detection limit <= 0.005 mIU/L,m[IU]/L,"LOINC EXAMPLE_UCUM_UNITS (tx.fhir.org, LOINC 2.82)",相符,
12453-7,Amorphous phosphate crystals [Presence] in Urine sediment,Phosphate crystals amorphous [Presence] in Urine sediment by Light microscopy,,LOINC 未提供建議單位,LOINC 未提供,
12454-5,Amorphous urate crystals [Presence] in Urine sediment,Urate crystals amorphous [Presence] in Urine sediment by Light microscopy,,LOINC 未提供建議單位,LOINC 未提供,
12533-6,TTCA [Mass/volume] in Urine,Thiazolidine-2-Thione-4-Carboxylic acid [Mass/volume] in Urine,,LOINC 未提供建議單位,LOINC 未提供,
12543-5,Methylformamide [Mass/volume] in Urine,Methyl formamide [Mass/volume] in Urine,mg/L,"LOINC EXAMPLE_UCUM_UNITS (tx.fhir.org, LOINC 2.82)",相符,
13000-5,Mandelate [Mass/volume] in Urine,Mandelate [Mass/volume] in Urine,,LOINC 未提供建議單位,LOINC 未提供,
13046-8,Atypical lymphocytes/100 leukocytes in Blood,Variant lymphocytes/Leukocytes in Blood,%,"LOINC EXAMPLE_UCUM_UNITS (tx.fhir.org, LOINC 2.82)",相符,
13047-6,Plasma cells/100 leukocytes in Blood,Plasma cells/Leukocytes in Blood,%,"LOINC EXAMPLE_UCUM_UNITS (tx.fhir.org, LOINC 2.82)",相符,
13457-7,Cholesterol in LDL [Mass/volume] in Serum or Plasma by calculation,Cholesterol in LDL [Mass/volume] in Serum or Plasma by calculation,mg/dL,LOINC EXAMPLE_UCUM_UNITS,相符,JOB-19 補充事項 §2：由值集展開稽核補列（CI run 30534387613 之 $lookup）
13458-5,Cholesterol in VLDL [Mass/volume] in Serum or Plasma by calculation,Cholesterol in VLDL [Mass/volume] in Serum or Plasma by calculation,mg/dL,LOINC EXAMPLE_UCUM_UNITS,相符,JOB-19 補充事項 §2：由值集展開稽核補列（CI run 30534387613 之 $lookup）
13464-3,Chromium/Creatinine [Mass Ratio] in Urine,Chromium/Creatinine [Mass Ratio] in Urine,ug/g{creat},"LOINC EXAMPLE_UCUM_UNITS (tx.fhir.org, LOINC 2.82)",相符,
13471-8,Cadmium/Creatinine [Mass Ratio] in Urine,Cadmium/Creatinine [Mass Ratio] in Urine,ug/g{creat},"LOINC EXAMPLE_UCUM_UNITS (tx.fhir.org, LOINC 2.82)",相符,
13655-6,Leukocytes [Presence] in Stool by Microscopy,Leukocytes [Presence] in Stool by Light microscopy,,LOINC 未提供建議單位,LOINC 未提供,
13658-0,Urobilinogen [Presence] in Urine by Test strip,Urobilinogen [Presence] in Urine,,LOINC 未提供建議單位,LOINC 未提供,
13945-1,Erythrocytes [#/area] in Urine sediment by Microscopy high power field,Erythrocytes [#/area] in Urine sediment by Microscopy high power field,/[HPF],"LOINC EXAMPLE_UCUM_UNITS (tx.fhir.org, LOINC 2.82)",相符,
13950-1,Hepatitis A virus IgM Ab [Presence] in Serum or Plasma,Hepatitis A virus IgM Ab [Presence] in Serum or Plasma by Immunoassay,,LOINC 未提供建議單位,LOINC 未提供,
13952-7,Hepatitis B virus core Ab [Presence] in Serum or Plasma,Hepatitis B virus core Ab [Presence] in Serum or Plasma by Immunoassay,,LOINC 未提供建議單位,LOINC 未提供,
13965-9,Homocysteine [Moles/volume] in Serum or Plasma,Homocysteine [Moles/volume] in Serum or Plasma,umol/L,LOINC EXAMPLE_UCUM_UNITS,相符,JOB-19 補充事項 §2：由值集展開稽核補列（CI run 30534387613 之 $lookup）
14099-6,Nickel [Mass/volume] in Urine,Nickel [Mass/volume] in Urine,ng/mL,"LOINC EXAMPLE_UCUM_UNITS (tx.fhir.org, LOINC 2.82)",相符,
14957-5,Microalbumin [Mass/volume] in Urine,Microalbumin [Mass/volume] in Urine,ug/mL;mg/dL,"LOINC EXAMPLE_UCUM_UNITS (tx.fhir.org, LOINC 2.82)",相符,
1558-6,Fasting glucose [Mass/volume] in Serum or Plasma,Fasting glucose [Mass/volume] in Serum or Plasma,mg/dL,LOINC EXAMPLE_UCUM_UNITS,相符,JOB-19 補充事項 §2：由值集展開稽核補列（CI run 30534387613 之 $lookup）
1709-5,Acetylcholinesterase [Enzymatic activity/volume] in Red Blood Cells,Acetylcholinesterase [Enzymatic activity/volume] in Red Blood Cells,U/L,"LOINC EXAMPLE_UCUM_UNITS (tx.fhir.org, LOINC 2.82)",相符,LOINC 狀態：DISCOURAGED
1742-6,Alanine aminotransferase [Enzymatic activity/volume] in Serum or Plasma,Alanine aminotransferase [Enzymatic activity/volume] in Serum or Plasma,U/L,"LOINC EXAMPLE_UCUM_UNITS (tx.fhir.org, LOINC 2.82)",相符,
1743-4,Alanine aminotransferase [Enzymatic activity/volume] in Serum or Plasma by With P-5'-P,Alanine aminotransferase [Enzymatic activity/volume] in Serum or Plasma by With P-5'-P,U/L,LOINC EXAMPLE_UCUM_UNITS,相符,JOB-19 補充事項 §2：由值集展開稽核補列（CI run 30534387613 之 $lookup）
1744-2,Alanine aminotransferase [Enzymatic activity/volume] in Serum or Plasma by No addition of P-5'-P,Alanine aminotransferase [Enzymatic activity/volume] in Serum or Plasma by No addition of P-5'-P,U/L,"LOINC EXAMPLE_UCUM_UNITS (tx.fhir.org, LOINC 2.82)",相符,
1751-7,Albumin [Mass/volume] in Serum or Plasma,Albumin [Mass/volume] in Serum or Plasma,g/dL,"LOINC EXAMPLE_UCUM_UNITS (tx.fhir.org, LOINC 2.82)",相符,
1759-0,Albumin/Globulin [Mass Ratio] in Serum or Plasma,Albumin/Globulin [Mass Ratio] in Serum or Plasma,{ratio},"LOINC EXAMPLE_UCUM_UNITS (tx.fhir.org, LOINC 2.82)",相符,
17780-8,Helicobacter pylori Ag [Presence] in Stool,Helicobacter pylori Ag [Presence] in Stool by Immunoassay,,LOINC 未提供建議單位,LOINC 未提供,
17861-6,Calcium [Mass/volume] in Serum or Plasma,Calcium [Mass/volume] in Serum or Plasma,mg/dL,"LOINC EXAMPLE_UCUM_UNITS (tx.fhir.org, LOINC 2.82)",相符,
1798-8,Amylase [Enzymatic activity/volume] in Serum or Plasma,Amylase [Enzymatic activity/volume] in Serum or Plasma,U/L,"LOINC EXAMPLE_UCUM_UNITS (tx.fhir.org, LOINC 2.82)",相符,
18262-6,Cholesterol in LDL [Mass/volume] in Serum or Plasma by Direct assay,Cholesterol in LDL [Mass/volume] in Serum or Plasma by Direct assay,mg/dL,LOINC EXAMPLE_UCUM_UNITS,相符,JOB-19 補充事項 §2：由值集展開稽核補列（CI run 30534387613 之 $lookup）
1834-1,Alpha-1-fetoprotein [Mass/volume] in Serum or Plasma,Alpha-1-Fetoprotein [Mass/volume] in Serum or Plasma,ng/mL,"LOINC EXAMPLE_UCUM_UNITS (tx.fhir.org, LOINC 2.82)",相符,
1869-7,Apolipoprotein A-I [Mass/volume] in Serum or Plasma,Apolipoprotein A-I [Mass/volume] in Serum or Plasma,mg/dL;g/L,"LOINC EXAMPLE_UCUM_UNITS (tx.fhir.org, LOINC 2.82)",相符,
1884-6,Apolipoprotein B [Mass/volume] in Serum or Plasma,Apolipoprotein B [Mass/volume] in Serum or Plasma,mg/dL,"LOINC EXAMPLE_UCUM_UNITS (tx.fhir.org, LOINC 2.82)",相符,
19048-8,Erythroblasts/100 leukocytes in Blood by Automated count,Nucleated erythrocytes/Leukocytes [Ratio] in Blood,/100{WBCs},"LOINC EXAMPLE_UCUM_UNITS (tx.fhir.org, LOINC 2.82)",相符,
19113-0,IgE [Units/volume] in Serum or Plasma,IgE [Units/volume] in Serum or Plasma,[IU]/L,"LOINC EXAMPLE_UCUM_UNITS (tx.fhir.org, LOINC 2.82)",相符,
19177-5,Alpha-1-fetoprotein [Mass/volume] in Serum or Plasma,Alpha-1-Fetoprotein [Moles/volume] in Serum or Plasma,umol/L,"LOINC EXAMPLE_UCUM_UNITS (tx.fhir.org, LOINC 2.82)",相符,
1920-8,Aspartate aminotransferase [Enzymatic activity/volume] in Serum or Plasma,Aspartate aminotransferase [Enzymatic activity/volume] in Serum or Plasma,U/L,"LOINC EXAMPLE_UCUM_UNITS (tx.fhir.org, LOINC 2.82)",相符,
19252-6,Megakaryocytes/Leukocytes in Blood,Megakaryocytes/Leukocytes in Blood,%,LOINC EXAMPLE_UCUM_UNITS,相符,JOB-19 補充事項 §2：由值集展開稽核補列（CI run 30534387613 之 $lookup）
1968-7,Bilirubin.direct [Mass/volume] in Serum or Plasma,Bilirubin.direct [Mass/volume] in Serum or Plasma,mg/dL,"LOINC EXAMPLE_UCUM_UNITS (tx.fhir.org, LOINC 2.82)",相符,
1975-2,Bilirubin.total [Mass/volume] in Serum or Plasma,Bilirubin.total [Mass/volume] in Serum or Plasma,mg/dL,"LOINC EXAMPLE_UCUM_UNITS (tx.fhir.org, LOINC 2.82)",相符,
1984-4,Bromide [Mass/volume] in Serum or Plasma,Bromide [Mass/volume] in Serum or Plasma,mg/dL,"LOINC EXAMPLE_UCUM_UNITS (tx.fhir.org, LOINC 2.82)",相符,
1985-1,Bromide [Mass/volume] in Urine,Bromide [Mass/volume] in Urine,mg/dL,"LOINC EXAMPLE_UCUM_UNITS (tx.fhir.org, LOINC 2.82)",相符,
19868-9,Forced vital capacity [Volume] Respiratory system by Spirometry,Forced vital capacity [Volume] Respiratory system by Spirometry,L,"LOINC EXAMPLE_UCUM_UNITS (tx.fhir.org, LOINC 2.82)",相符,
19876-2,Forced vital capacity [Volume] Respiratory system by Spirometry --pre bronchodilation,Forced vital capacity [Volume] Respiratory system by Spirometry --pre bronchodilation,L,"LOINC EXAMPLE_UCUM_UNITS (tx.fhir.org, LOINC 2.82)",相符,
1988-5,C reactive protein [Mass/volume] in Serum or Plasma,C reactive protein [Mass/volume] in Serum or Plasma,mg/L,"LOINC EXAMPLE_UCUM_UNITS (tx.fhir.org, LOINC 2.82)",相符,
19926-5,FEV1/FVC,FEV1/FVC,%,"LOINC EXAMPLE_UCUM_UNITS (tx.fhir.org, LOINC 2.82)",相符,
20150-9,FEV1,FEV1,L,"LOINC EXAMPLE_UCUM_UNITS (tx.fhir.org, LOINC 2.82)",相符,
2039-6,Carcinoembryonic Ag [Mass/volume] in Serum or Plasma,Carcinoembryonic Ag [Mass/volume] in Serum or Plasma,ng/mL,"LOINC EXAMPLE_UCUM_UNITS (tx.fhir.org, LOINC 2.82)",相符,
20448-7,Insulin [Units/volume] in Serum or Plasma,Insulin [Units/volume] in Serum or Plasma,u[IU]/mL,"LOINC EXAMPLE_UCUM_UNITS (tx.fhir.org, LOINC 2.82)",相符,
20456-0,Fungi yeast-like [Presence] in Urine sediment,Fungi.yeastlike [Presence] in Urine sediment by Light microscopy,,LOINC 未提供建議單位,LOINC 未提供,
20507-0,Reagin Ab [Presence] in Serum by RPR,Reagin Ab [Presence] in Serum by RPR,,LOINC 未提供建議單位,LOINC 未提供,
20621-9,Albumin/Creatinine [Ratio] in Urine by Test strip,Albumin/Creatinine [Mass Ratio] in Urine by Test strip,,LOINC 未提供建議單位,LOINC 未提供,
2075-0,Chloride [Moles/volume] in Serum or Plasma,Chloride [Moles/volume] in Serum or Plasma,mmol/L,"LOINC EXAMPLE_UCUM_UNITS (tx.fhir.org, LOINC 2.82)",相符,
2085-9,Cholesterol in HDL [Mass/volume] in Serum or Plasma,Cholesterol in HDL [Mass/volume] in Serum or Plasma,mg/dL,LOINC EXAMPLE_UCUM_UNITS,相符,JOB-19 補充事項 §2：由值集展開稽核補列（CI run 30534387613 之 $lookup）
2089-1,Cholesterol in LDL [Mass/volume] in Serum or Plasma,Cholesterol in LDL [Mass/volume] in Serum or Plasma,mg/dL,LOINC EXAMPLE_UCUM_UNITS,相符,JOB-19 補充事項 §2：由值集展開稽核補列（CI run 30534387613 之 $lookup）
2093-3,Cholesterol [Mass/volume] in Serum or Plasma,Cholesterol [Mass/volume] in Serum or Plasma,mg/dL,LOINC EXAMPLE_UCUM_UNITS,相符,JOB-19 補充事項 §2：由值集展開稽核補列（CI run 30534387613 之 $lookup）
2098-2,Cholinesterase [Enzymatic activity/volume] in Serum or Plasma,Cholinesterase [Enzymatic activity/volume] in Serum or Plasma,U/L,"LOINC EXAMPLE_UCUM_UNITS (tx.fhir.org, LOINC 2.82)",相符,
2132-9,Cobalamin (Vitamin B12) [Mass/volume] in Serum or Plasma,Cobalamin (Vitamin B12) [Mass/volume] in Serum or Plasma,pg/mL,"LOINC EXAMPLE_UCUM_UNITS (tx.fhir.org, LOINC 2.82)",相符,
21440-3,Human papilloma virus 16+18+31+33+35+45+51+52+56 DNA [Presence] in Cervix by Probe,Human papilloma virus 16+18+31+33+35+45+51+52+56 DNA [Presence] in Cervix by Probe,,LOINC 未提供建議單位,LOINC 未提供,
2160-0,Creatinine [Mass/volume] in Serum or Plasma,Creatinine [Mass/volume] in Serum or Plasma,mg/dL,LOINC EXAMPLE_UCUM_UNITS,相符,JOB-19 補充事項 §2：由值集展開稽核補列（CI run 30534387613 之 $lookup）
2161-8,Creatinine [Mass/volume] in Urine,Creatinine [Mass/volume] in Urine,mg/dL,"LOINC EXAMPLE_UCUM_UNITS (tx.fhir.org, LOINC 2.82)",相符,
22322-2,Hepatitis B virus surface Ab [Units/volume] in Serum,Hepatitis B virus surface Ab [Presence] in Serum,,LOINC 未提供建議單位,LOINC 未提供,
2284-8,Folate [Mass/volume] in Serum or Plasma,Folate [Mass/volume] in Serum or Plasma,ng/mL,"LOINC EXAMPLE_UCUM_UNITS (tx.fhir.org, LOINC 2.82)",相符,
2324-2,Gamma glutamyltransferase [Enzymatic activity/volume] in Serum or Plasma,Gamma glutamyl transferase [Enzymatic activity/volume] in Serum or Plasma,U/L,"LOINC EXAMPLE_UCUM_UNITS (tx.fhir.org, LOINC 2.82)",相符,
2335-8,Hemoglobin [Presence] in Stool,Hemoglobin [Presence] in Stool from gastrointestinal,,LOINC 未提供建議單位,LOINC 未提供,
2339-0,Glucose [Mass/volume] in Blood,Glucose [Mass/volume] in Blood,mg/dL,LOINC EXAMPLE_UCUM_UNITS,相符,JOB-19 補充事項 §2：由值集展開稽核補列（CI run 30534387613 之 $lookup）
2345-7,Glucose [Mass/volume] in Serum or Plasma,Glucose [Mass/volume] in Serum or Plasma,mg/dL,LOINC EXAMPLE_UCUM_UNITS,相符,JOB-19 補充事項 §2：由值集展開稽核補列（CI run 30534387613 之 $lookup）
23749-5,Lead [Mass/volume] in Specimen,Lead [Mass/volume] in Specimen,ug/dL,"LOINC EXAMPLE_UCUM_UNITS (tx.fhir.org, LOINC 2.82)",相符,
24108-3,Cancer Ag 19-9 [Units/volume] in Serum or Plasma,Cancer Ag 19-9 [Units/volume] in Serum or Plasma,[arb'U];[arb'U]/mL,"LOINC EXAMPLE_UCUM_UNITS (tx.fhir.org, LOINC 2.82)",相符,
24110-9,Treponema pallidum Ab [Presence] in Serum by Immunoassay,Treponema pallidum Ab [Presence] in Serum by Immunoassay,,LOINC 未提供建議單位,LOINC 未提供,
2428-1,Homocysteine [Moles/volume] in Serum or Plasma,Homocysteine [Mass/volume] in Serum or Plasma,,LOINC 未提供建議單位,LOINC 未提供,
24558-9,Ultrasound of abdomen study,US Abdomen,,LOINC 未提供建議單位,LOINC 未提供,
24579-5,XR Bones.long Survey,XR Long bones Survey Views,,LOINC 未提供建議單位,LOINC 未提供,
24590-2,MR Brain,MR Brain,,LOINC 未提供建議單位,LOINC 未提供,
24606-6,MG Breast Screening,MG Breast Screening,,LOINC 未提供建議單位,LOINC 未提供,
24616-5,US Carotid aa,US Carotid arteries,,LOINC 未提供建議單位,LOINC 未提供,
24648-8,XR Chest PA upright,XR Chest PA upright,,LOINC 未提供建議單位,LOINC 未提供,
24829-4,XR Mandible Views,XR Mandible Views,,LOINC 未提供建議單位,LOINC 未提供,
25010-0,US Thyroid,US Thyroid gland,,LOINC 未提供建議單位,LOINC 未提供,
25145-4,Bacteria [Presence] in Urine sediment by Light microscopy,Bacteria [Presence] in Urine sediment by Light microscopy,,LOINC 未提供建議單位,LOINC 未提供,
2532-0,Lactate dehydrogenase [Enzymatic activity/volume] in Serum or Plasma,Lactate dehydrogenase [Enzymatic activity/volume] in Serum or Plasma,U/L,"LOINC EXAMPLE_UCUM_UNITS (tx.fhir.org, LOINC 2.82)",相符,LOINC 狀態：DISCOURAGED
25390-6,CYFRA 21-1 [Mass/volume] in Serum or Plasma,Cytokeratin 19 [Mass/volume] in Serum or Plasma,,LOINC 未提供建議單位,LOINC 未提供,
2571-8,Triglyceride [Mass/volume] in Serum or Plasma,Triglyceride [Mass/volume] in Serum or Plasma,mg/dL,LOINC EXAMPLE_UCUM_UNITS,相符,JOB-19 補充事項 §2：由值集展開稽核補列（CI run 30534387613 之 $lookup）
26446-5,Blasts/100 leukocytes in Blood,Blasts/Leukocytes in Blood,%,"LOINC EXAMPLE_UCUM_UNITS (tx.fhir.org, LOINC 2.82)",相符,
26450-7,Eosinophils/100 leukocytes in Blood by Manual count,Eosinophils/Leukocytes in Blood,%,"LOINC EXAMPLE_UCUM_UNITS (tx.fhir.org, LOINC 2.82)",相符,
26464-8,WBC [#/volume] in Blood,Leukocytes [#/volume] in Blood,10*3/uL,"LOINC EXAMPLE_UCUM_UNITS (tx.fhir.org, LOINC 2.82)",相符,
26478-8,Lymphocytes/100 leukocytes in Blood by Manual count,Lymphocytes/Leukocytes in Blood,%,"LOINC EXAMPLE_UCUM_UNITS (tx.fhir.org, LOINC 2.82)",相符,
26485-3,Monocytes/100 leukocytes in Blood by Manual count,Monocytes/Leukocytes in Blood,%,"LOINC EXAMPLE_UCUM_UNITS (tx.fhir.org, LOINC 2.82)",相符,
26498-6,Myelocytes/100 leukocytes in Blood,Myelocytes/Leukocytes in Blood,%,"LOINC EXAMPLE_UCUM_UNITS (tx.fhir.org, LOINC 2.82)",相符,
26505-8,Hypersegmented neutrophils/100 leukocytes in Blood,Segmented neutrophils/Leukocytes in Blood,%,"LOINC EXAMPLE_UCUM_UNITS (tx.fhir.org, LOINC 2.82)",相符,
26508-2,Neutrophils/100 leukocytes in Blood by Manual count,Band form neutrophils/Leukocytes in Blood,%,"LOINC EXAMPLE_UCUM_UNITS (tx.fhir.org, LOINC 2.82)",相符,
26511-6,Neutrophils.segmented/100 leukocytes in Blood,Neutrophils/Leukocytes in Blood,%,"LOINC EXAMPLE_UCUM_UNITS (tx.fhir.org, LOINC 2.82)",相符,
26515-7,Platelets [#/volume] in Blood by Automated count,Platelets [#/volume] in Blood,10*3/uL,"LOINC EXAMPLE_UCUM_UNITS (tx.fhir.org, LOINC 2.82)",相符,
26524-9,Promyelocytes/100 leukocytes in Blood,Promyelocytes/Leukocytes in Blood,%,"LOINC EXAMPLE_UCUM_UNITS (tx.fhir.org, LOINC 2.82)",相符,
2725-0,p-Methylhippurate [Mass/volume] in Urine,Para methylhippurate [Mass/volume] in Urine,mg/mL,"LOINC EXAMPLE_UCUM_UNITS (tx.fhir.org, LOINC 2.82)",相符,
2758-1,Phenol [Mass/volume] in Urine,Phenol [Mass/volume] in Urine,mg/L,"LOINC EXAMPLE_UCUM_UNITS (tx.fhir.org, LOINC 2.82)",相符,
2777-1,Phosphate [Mass/volume] in Serum or Plasma,Phosphate [Mass/volume] in Serum or Plasma,mg/dL,"LOINC EXAMPLE_UCUM_UNITS (tx.fhir.org, LOINC 2.82)",相符,
28014-9,EGD Study,EGD Study,,LOINC 未提供建議單位,LOINC 未提供,
28023-0,Colonoscopy Study,Colonoscopy Study observation,,LOINC 未提供建議單位,LOINC 未提供,
2823-3,Potassium [Moles/volume] in Serum or Plasma,Potassium [Moles/volume] in Serum or Plasma,mmol/L,"LOINC EXAMPLE_UCUM_UNITS (tx.fhir.org, LOINC 2.82)",相符,
28539-5,MCH [Entitic mass] by Automated count,MCH [Entitic mass],pg,"LOINC EXAMPLE_UCUM_UNITS (tx.fhir.org, LOINC 2.82)",相符,
28541-1,Metamyelocytes/100 leukocytes in Blood,Metamyelocytes/Leukocytes in Blood,%,"LOINC EXAMPLE_UCUM_UNITS (tx.fhir.org, LOINC 2.82)",相符,
2857-1,Prostate specific Ag [Mass/volume] in Serum or Plasma,Prostate specific Ag [Mass/volume] in Serum or Plasma,ng/mL,"LOINC EXAMPLE_UCUM_UNITS (tx.fhir.org, LOINC 2.82)",相符,
2885-2,Protein [Mass/volume] in Serum or Plasma,Protein [Mass/volume] in Serum or Plasma,g/dL,"LOINC EXAMPLE_UCUM_UNITS (tx.fhir.org, LOINC 2.82)",相符,
2888-6,Protein [Mass/volume] in Urine,Protein [Mass/volume] in Urine,g/dL,LOINC EXAMPLE_UCUM_UNITS,相符,JOB-19 補充事項 §2：由值集展開稽核補列（CI run 30534387613 之 $lookup）
29463-7,Body weight,Body weight,[lb_av];kg,LOINC EXAMPLE_UCUM_UNITS,相符,JOB-19 補充事項 §2：由值集展開稽核補列（CI run 30534387613 之 $lookup）
2951-2,Sodium [Moles/volume] in Serum or Plasma,Sodium [Moles/volume] in Serum or Plasma,mmol/L,"LOINC EXAMPLE_UCUM_UNITS (tx.fhir.org, LOINC 2.82)",相符,
29771-3,Hemoglobin.occult [Mass/volume] in Stool by Immunochemical method,Hemoglobin [Presence] in Stool from gastrointestinal lower by Immunoassay,,LOINC 未提供建議單位,LOINC 未提供,
30004-6,Creatinine [Mass/volume] in Urine by Test strip,Creatinine [Mass/volume] in Urine by Test strip,mg/dL,"LOINC EXAMPLE_UCUM_UNITS (tx.fhir.org, LOINC 2.82)",相符,
3016-3,Thyrotropin [Units/volume] in Serum or Plasma by 3rd IS,Thyrotropin [Units/volume] in Serum or Plasma,m[IU]/L,"LOINC EXAMPLE_UCUM_UNITS (tx.fhir.org, LOINC 2.82)",相符,
30180-4,Basophils/100 leukocytes in Blood by Manual count,Basophils/Leukocytes in Blood,%,"LOINC EXAMPLE_UCUM_UNITS (tx.fhir.org, LOINC 2.82)",相符,
30239-8,Aspartate aminotransferase [Enzymatic activity/volume] in Serum or Plasma by With P-5'-P,Aspartate aminotransferase [Enzymatic activity/volume] in Serum or Plasma by With P-5'-P,U/L,LOINC EXAMPLE_UCUM_UNITS,相符,JOB-19 補充事項 §2：由值集展開稽核補列（CI run 30534387613 之 $lookup）
3024-7,Thyroxine (T4) free [Mass/volume] in Serum or Plasma,Thyroxine (T4) free [Mass/volume] in Serum or Plasma,ng/dL,"LOINC EXAMPLE_UCUM_UNITS (tx.fhir.org, LOINC 2.82)",相符,
3026-2,Thyroxine (T4) total [Mass/volume] in Serum or Plasma,Thyroxine (T4) [Mass/volume] in Serum or Plasma,ug/dL,"LOINC EXAMPLE_UCUM_UNITS (tx.fhir.org, LOINC 2.82)",相符,
3040-3,Lipase [Enzymatic activity/volume] in Serum or Plasma,Lipase [Enzymatic activity/volume] in Serum or Plasma,U/L,"LOINC EXAMPLE_UCUM_UNITS (tx.fhir.org, LOINC 2.82)",相符,
3041-1,Trichloroacetate [Mass/volume] in Urine,Trichloroacetate [Mass/volume] in Urine,ug/mL,"LOINC EXAMPLE_UCUM_UNITS (tx.fhir.org, LOINC 2.82)",相符,
30413-9,Abnormal lymphocytes/100 leukocytes in Blood,Abnormal lymphocytes/Leukocytes in Blood,%,"LOINC EXAMPLE_UCUM_UNITS (tx.fhir.org, LOINC 2.82)",相符,
30428-7,MCV [Entitic volume] by calculation,MCV [Entitic mean volume] in Red Blood Cells,fL,"LOINC EXAMPLE_UCUM_UNITS (tx.fhir.org, LOINC 2.82)",相符,
3043-7,Triglyceride [Mass/volume] in Blood,Triglyceride [Mass/volume] in Blood,mg/dL,LOINC EXAMPLE_UCUM_UNITS,相符,JOB-19 補充事項 §2：由值集展開稽核補列（CI run 30534387613 之 $lookup）
30441-0,Abnormal monocytes/100 leukocytes in Blood,Monocytes Abnormal/Leukocytes in Blood,%,"LOINC EXAMPLE_UCUM_UNITS (tx.fhir.org, LOINC 2.82)",相符,
30466-7,Promonocytes/100 leukocytes in Blood,Promonocytes/Leukocytes in Blood,%,"LOINC EXAMPLE_UCUM_UNITS (tx.fhir.org, LOINC 2.82)",相符,
3051-0,Triiodothyronine (T3) free [Mass/volume] in Serum or Plasma,Triiodothyronine (T3) Free [Mass/volume] in Serum or Plasma,pg/mL,"LOINC EXAMPLE_UCUM_UNITS (tx.fhir.org, LOINC 2.82)",相符,
30522-7,C reactive protein [Mass/volume] in Serum or Plasma by High sensitivity method,C reactive protein [Mass/volume] in Serum or Plasma by High sensitivity method,mg/L,"LOINC EXAMPLE_UCUM_UNITS (tx.fhir.org, LOINC 2.82)",相符,
3053-6,Triiodothyronine (T3) total [Mass/volume] in Serum or Plasma,Triiodothyronine (T3) [Mass/volume] in Serum or Plasma,ng/dL,"LOINC EXAMPLE_UCUM_UNITS (tx.fhir.org, LOINC 2.82)",相符,
3084-1,Uric acid [Mass/volume] in Serum or Plasma,Urate [Mass/volume] in Serum or Plasma,mg/dL,"LOINC EXAMPLE_UCUM_UNITS (tx.fhir.org, LOINC 2.82)",相符,
3094-0,Urea nitrogen [Mass/volume] in Serum or Plasma,Urea nitrogen [Mass/volume] in Serum or Plasma,mg/dL,"LOINC EXAMPLE_UCUM_UNITS (tx.fhir.org, LOINC 2.82)",相符,
31147-2,Reagin Ab [Presence] in Serum by RPR -- titer,Reagin Ab [Titer] in Serum by RPR,{titer},"LOINC EXAMPLE_UCUM_UNITS (tx.fhir.org, LOINC 2.82)",相符,
31170-4,"2,5-Hexanedione [Mass/volume] in Urine","2,5-Hexanedione [Mass/volume] in Urine",mg/L,"LOINC EXAMPLE_UCUM_UNITS (tx.fhir.org, LOINC 2.82)",相符,
3137-7,Body height Measured,Body height Measured,[in_us];cm;m,LOINC EXAMPLE_UCUM_UNITS,相符,JOB-19 補充事項 §2：由值集展開稽核補列（CI run 30534387613 之 $lookup）
3141-9,Body weight Measured,Body weight Measured,[lb_av];kg,LOINC EXAMPLE_UCUM_UNITS,相符,JOB-19 補充事項 §2：由值集展開稽核補列（CI run 30534387613 之 $lookup）
32356-8,Yeast [Presence] in Urine sediment,Yeast [Presence] in Urine sediment by Light microscopy,,LOINC 未提供建議單位,LOINC 未提供,
33218-9,Bacteria [#/volume] in Urine sediment by Automated count,Bacteria [#/area] in Urine sediment by Automated count,/[HPF],"LOINC EXAMPLE_UCUM_UNITS (tx.fhir.org, LOINC 2.82)",相符,
33219-7,Epithelial cells.squamous [#/volume] in Urine sediment by Automated count,Epithelial cells.squamous [#/area] in Urine sediment by Automated count,/[HPF],"LOINC EXAMPLE_UCUM_UNITS (tx.fhir.org, LOINC 2.82)",相符,
33223-9,Hyaline casts [#/volume] in Urine sediment by Automated count,Hyaline casts [#/area] in Urine sediment by Automated count,/[HPF],"LOINC EXAMPLE_UCUM_UNITS (tx.fhir.org, LOINC 2.82)",相符,
33342-7,Epithelial cells [#/volume] in Urine sediment by Automated count,Epithelial cells [#/area] in Urine sediment by Automated count,/[HPF],"LOINC EXAMPLE_UCUM_UNITS (tx.fhir.org, LOINC 2.82)",相符,
33668-5,Erythrocytes [Presence] in Stool by Microscopy,Erythrocytes [Presence] in Stool,,LOINC 未提供建議單位,LOINC 未提供,
33762-6,Natriuretic peptide.proB-type N-terminal [Mass/volume] in Serum or Plasma,Natriuretic peptide.B prohormone N-Terminal [Mass/volume] in Serum or Plasma,pg/mL,"LOINC EXAMPLE_UCUM_UNITS (tx.fhir.org, LOINC 2.82)",相符,
33863-2,"Cystatin C [Mass/volume] in Serum, Plasma or Blood",Cystatin C [Mass/volume] in Serum or Plasma,mg/L,"LOINC EXAMPLE_UCUM_UNITS (tx.fhir.org, LOINC 2.82)",相符,
33914-3,Glomerular filtration rate/1.73 sq M.predicted by MDRD equation,Glomerular filtration rate [Volume Rate/Area] in Serum or Plasma by Creatinine-based formula (MDRD)/1.73 sq M,mL/min/{1.73_m2},"LOINC EXAMPLE_UCUM_UNITS (tx.fhir.org, LOINC 2.82)",相符,LOINC 狀態：DISCOURAGED
34304-6,Fluoride [Mass/volume] in Urine,Fluoride [Moles/volume] in Urine,nmol/L,"LOINC EXAMPLE_UCUM_UNITS (tx.fhir.org, LOINC 2.82)",相符,
34921-7,Plasmacytoid lymphocytes/100 leukocytes in Blood,Lymphocytes Plasmacytoid/Leukocytes in Blood,%,"LOINC EXAMPLE_UCUM_UNITS (tx.fhir.org, LOINC 2.82)",相符,
35200-5,Cholesterol [Mass or Moles/volume] in Serum or Plasma,Cholesterol [Mass or Moles/volume] in Serum or Plasma,,LOINC EXAMPLE_UCUM_UNITS,LOINC 未提供,JOB-19 補充事項 §2：由值集展開稽核補列（CI run 30534387613 之 $lookup）；官方無 EXAMPLE_UCUM_UNITS
36643-5,XR Chest 2 Views,XR Chest 2 Views,,LOINC 未提供建議單位,LOINC 未提供,
38268-9,DXA Skeletal Sys Views for BMD,DXA Skeletal system Views for bone density,,LOINC 未提供建議單位,LOINC 未提供,
38483-4,Creatinine [Mass/volume] in Blood,Creatinine [Mass/volume] in Blood,mg/dL,LOINC EXAMPLE_UCUM_UNITS,相符,JOB-19 補充事項 §2：由值集展開稽核補列（CI run 30534387613 之 $lookup）
39156-5,Body mass index (BMI) [Ratio],Body mass index (BMI) [Ratio],kg/m2,LOINC EXAMPLE_UCUM_UNITS,相符,JOB-19 補充事項 §2：由值集展開稽核補列（CI run 30534387613 之 $lookup）
42221-2,Manganese [Mass/volume] in Urine,Manganese [Moles/volume] in Urine,nmol/L,"LOINC EXAMPLE_UCUM_UNITS (tx.fhir.org, LOINC 2.82)",相符,
42254-3,Nuclear Ab [Presence] in Serum by Immunofluorescence,Nuclear Ab [Presence] in Serum by Immunofluorescence,,LOINC 未提供建議單位,LOINC 未提供,
42524-9,Mucus [Presence] in Stool by Microscopy,Mucus [Presence] in Stool by Light microscopy,,LOINC 未提供建議單位,LOINC 未提供,
43371-4,Salmonella and Shigella [Presence] in Stool by Culture,Salmonella and Shigella sp identified in Stool by Organism specific culture,,LOINC 未提供建議單位,LOINC 未提供,
43755-8,Casts [#/volume] in Urine sediment by Automated count,Casts [#/area] in Urine sediment by Automated count,/[HPF],"LOINC EXAMPLE_UCUM_UNITS (tx.fhir.org, LOINC 2.82)",相符,
4544-3,Hematocrit [Volume Fraction] of Blood,Hematocrit [Volume Fraction] of Blood by Automated count,%,"LOINC EXAMPLE_UCUM_UNITS (tx.fhir.org, LOINC 2.82)",相符,
4548-4,Hemoglobin A1c/Hemoglobin.total in Blood,Hemoglobin A1c/Hemoglobin.total in Blood,%,"LOINC EXAMPLE_UCUM_UNITS (tx.fhir.org, LOINC 2.82)",相符,
4588-0,Hemoglobin H/Hemoglobin.total in Blood,Hemoglobin H/Hemoglobin.total in Blood,%,"LOINC EXAMPLE_UCUM_UNITS (tx.fhir.org, LOINC 2.82)",相符,
46419-8,Erythrocytes [#/volume] in Urine sediment by Automated count,Erythrocytes [#/area] in Urine sediment by Automated count,/[HPF],"LOINC EXAMPLE_UCUM_UNITS (tx.fhir.org, LOINC 2.82)",相符,
46702-7,Leukocytes [#/volume] in Urine sediment by Automated count,Leukocytes [#/area] in Urine sediment by Automated count,/[HPF],"LOINC EXAMPLE_UCUM_UNITS (tx.fhir.org, LOINC 2.82)",相符,
47214-2,Homeostasis model assessment,Homeostasis model assessment,{Index_val},"LOINC EXAMPLE_UCUM_UNITS (tx.fhir.org, LOINC 2.82)",相符,
50235-1,Mucus [#/volume] in Urine sediment by Automated count,Mucus [#/area] in Urine sediment by Automated count,/[HPF],"LOINC EXAMPLE_UCUM_UNITS (tx.fhir.org, LOINC 2.82)",相符,
50551-1,Bilirubin [Presence] in Urine by Test strip,Bilirubin.total [Presence] in Urine by Automated test strip,,LOINC 未提供建議單位,LOINC 未提供,
50555-2,Glucose [Presence] in Urine by Test strip,Glucose [Presence] in Urine by Automated test strip,,LOINC 未提供建議單位,LOINC 未提供,
50558-6,Nitrite [Presence] in Urine by Test strip,Nitrite [Presence] in Urine by Automated test strip,,LOINC 未提供建議單位,LOINC 未提供,
50560-2,pH of Urine by Test strip,pH of Urine by Automated test strip,[pH],"LOINC EXAMPLE_UCUM_UNITS (tx.fhir.org, LOINC 2.82)",相符,
50562-8,Specific gravity of Urine by Refractometer,Specific gravity of Urine by Refractometry automated,,LOINC 未提供建議單位,LOINC 未提供,
51478-6,Mucus [#/volume] in Urine by Automated count,Mucus [#/volume] in Urine by Automated count,/uL,LOINC EXAMPLE_UCUM_UNITS,相符,JOB-19 補充事項 §2：由值集展開稽核補列（CI run 30534387613 之 $lookup）
51479-4,Spermatozoa [#/volume] in Urine by Automated count,Spermatozoa [#/volume] in Urine by Automated count,/uL,LOINC EXAMPLE_UCUM_UNITS,相符,JOB-19 補充事項 §2：由值集展開稽核補列（CI run 30534387613 之 $lookup）
51480-2,Bacteria [#/volume] in Urine by Automated count,Bacteria [#/volume] in Urine by Automated count,/uL,LOINC EXAMPLE_UCUM_UNITS,相符,JOB-19 補充事項 §2：由值集展開稽核補列（CI run 30534387613 之 $lookup）
51483-6,Casts [#/volume] in Urine by Automated count,Casts [#/volume] in Urine by Automated count,/uL,LOINC EXAMPLE_UCUM_UNITS,相符,JOB-19 補充事項 §2：由值集展開稽核補列（CI run 30534387613 之 $lookup）
51484-4,Hyaline casts [#/volume] in Urine by Automated count,Hyaline casts [#/volume] in Urine by Automated count,/uL,LOINC EXAMPLE_UCUM_UNITS,相符,JOB-19 補充事項 §2：由值集展開稽核補列（CI run 30534387613 之 $lookup）
51486-9,Epithelial cells.squamous [#/volume] in Urine by Automated count,Epithelial cells.squamous [#/volume] in Urine by Automated count,/uL,LOINC EXAMPLE_UCUM_UNITS,相符,JOB-19 補充事項 §2：由值集展開稽核補列（CI run 30534387613 之 $lookup）
51487-7,Leukocytes [#/volume] in Urine by Automated count,Leukocytes [#/volume] in Urine by Automated count,/uL,LOINC EXAMPLE_UCUM_UNITS,相符,JOB-19 補充事項 §2：由值集展開稽核補列（CI run 30534387613 之 $lookup）
5176-3,Helicobacter pylori IgG Ab [Presence] in Serum,Helicobacter pylori IgG Ab [Units/volume] in Serum by Immunoassay,{Index_val},"LOINC EXAMPLE_UCUM_UNITS (tx.fhir.org, LOINC 2.82)",相符,
51913-2,Hepatitis A virus Ab [Presence] in Serum or Plasma,Hepatitis A virus IgG+IgM Ab [Presence] in Serum,,LOINC 未提供建議單位,LOINC 未提供,
5193-8,Hepatitis B virus surface Ab [Presence] in Serum or Plasma,Hepatitis B virus surface Ab [Units/volume] in Serum or Plasma by Immunoassay,m[IU]/mL,"LOINC EXAMPLE_UCUM_UNITS (tx.fhir.org, LOINC 2.82)",相符,
53324-0,Spermatozoa [#/volume] in Urine sediment by Automated count,Spermatozoa [#/area] in Urine sediment by Automated count,/[HPF],"LOINC EXAMPLE_UCUM_UNITS (tx.fhir.org, LOINC 2.82)",相符,
5334-8,Rubella virus IgG Ab [Units/volume] in Serum or Plasma,Rubella virus IgG Ab [Units/volume] in Serum or Plasma by Immunoassay,[arb'U]/mL,"LOINC EXAMPLE_UCUM_UNITS (tx.fhir.org, LOINC 2.82)",相符,
53962-7,Alpha-1-fetoprotein.tumor marker [Mass/volume] in Serum or Plasma,Alpha-1-fetoprotein.tumor marker [Mass/volume] in Serum or Plasma,ng/mL,LOINC EXAMPLE_UCUM_UNITS,相符,JOB-19 補充事項 §2：由值集展開稽核補列（CI run 30534387613 之 $lookup）
53975-9,Drug crystals [Presence] in Urine sediment,Drug crystals [Presence] in Urine sediment by Light microscopy,,LOINC 未提供建議單位,LOINC 未提供,
5403-1,Varicella zoster virus IgG Ab [Units/volume] in Serum or Plasma,Varicella zoster virus IgG Ab [Units/volume] in Serum by Immunoassay,[arb'U]/mL,"LOINC EXAMPLE_UCUM_UNITS (tx.fhir.org, LOINC 2.82)",相符,
5586-3,Arsenic [Mass/volume] in Urine,Arsenic [Mass/volume] in Urine,ug/L,"LOINC EXAMPLE_UCUM_UNITS (tx.fhir.org, LOINC 2.82)",相符,
5609-3,Cadmium [Mass/volume] in Blood,Cadmium [Mass/volume] in Blood,ng/mL,"LOINC EXAMPLE_UCUM_UNITS (tx.fhir.org, LOINC 2.82)",相符,
5611-9,Cadmium [Mass/volume] in Urine,Cadmium [Mass/volume] in Urine,ng/mL,"LOINC EXAMPLE_UCUM_UNITS (tx.fhir.org, LOINC 2.82)",相符,
5622-6,Chromium [Mass/volume] in Serum or Plasma,Chromium [Mass/volume] in Serum or Plasma,ng/mL,"LOINC EXAMPLE_UCUM_UNITS (tx.fhir.org, LOINC 2.82)",相符,
5623-4,Chromium [Mass/volume] in Urine,Chromium [Mass/volume] in Urine,ug/L,"LOINC EXAMPLE_UCUM_UNITS (tx.fhir.org, LOINC 2.82)",相符,
5625-9,Cobalt [Mass/volume] in Blood,Cobalt [Mass/volume] in Blood,ug/L,"LOINC EXAMPLE_UCUM_UNITS (tx.fhir.org, LOINC 2.82)",相符,
5627-5,Cobalt [Mass/volume] in Serum or Plasma,Cobalt [Mass/volume] in Serum or Plasma,ug/L,"LOINC EXAMPLE_UCUM_UNITS (tx.fhir.org, LOINC 2.82)",相符,
5650-7,Fluoride [Mass/volume] in Urine,Fluoride [Mass/volume] in Urine,mg/L,LOINC EXAMPLE_UCUM_UNITS,相符,JOB-19 補充事項 §2：由值集展開稽核補列（CI run 30534387613 之 $lookup）
5653-1,Formaldehyde [Mass/volume] in Urine,Formaldehyde [Mass/volume] in Urine,mg/L,"LOINC EXAMPLE_UCUM_UNITS (tx.fhir.org, LOINC 2.82)",相符,
5665-5,Indium [Mass/volume] in Blood,Indium [Mass/volume] in Blood,ug/L,"LOINC EXAMPLE_UCUM_UNITS (tx.fhir.org, LOINC 2.82)",相符,
5671-3,Lead [Mass/volume] in Blood,Lead [Mass/volume] in Blood,ug/dL,"LOINC EXAMPLE_UCUM_UNITS (tx.fhir.org, LOINC 2.82)",相符,LOINC 狀態：DISCOURAGED；v20260726 Preferred 已改為 77307-7，本碼降為 acceptable
5676-2,Lead [Mass/volume] in Urine,Lead [Mass/volume] in Urine,ug/L,"LOINC EXAMPLE_UCUM_UNITS (tx.fhir.org, LOINC 2.82)",相符,
5681-2,Manganese [Mass/volume] in Blood,Manganese [Mass/volume] in Blood,ng/mL,"LOINC EXAMPLE_UCUM_UNITS (tx.fhir.org, LOINC 2.82)",相符,
5683-8,Manganese [Mass/volume] in Serum or Plasma,Manganese [Mass/volume] in Serum or Plasma,ng/mL,"LOINC EXAMPLE_UCUM_UNITS (tx.fhir.org, LOINC 2.82)",相符,
5684-6,Manganese [Mass/volume] in Urine,Manganese [Mass/volume] in Urine,ug/L,LOINC EXAMPLE_UCUM_UNITS,相符,JOB-19 補充事項 §2：由值集展開稽核補列（CI run 30534387613 之 $lookup）
5685-3,Mercury [Mass/volume] in Blood,Mercury [Mass/volume] in Blood,ng/mL,"LOINC EXAMPLE_UCUM_UNITS (tx.fhir.org, LOINC 2.82)",相符,
56888-1,HIV 1 and 2 Ag and Ab panel [Presence] in Serum or Plasma,HIV 1+2 Ab+HIV1 p24 Ag [Presence] in Serum or Plasma by Immunoassay,,LOINC 未提供建議單位,LOINC 未提供,
5689-5,Mercury [Mass/volume] in Urine,Mercury [Mass/volume] in Urine,ug/L,"LOINC EXAMPLE_UCUM_UNITS (tx.fhir.org, LOINC 2.82)",相符,
5766-1,Ammonium acid urate crystals [Presence] in Urine sediment,Ammonium urate crystals [Presence] in Urine sediment by Light microscopy,,LOINC 未提供建議單位,LOINC 未提供,
5770-3,Bilirubin [Presence] in Urine by Test strip,Bilirubin.total [Presence] in Urine by Test strip,,LOINC 未提供建議單位,LOINC 未提供,
5771-1,Bilirubin crystals [Presence] in Urine sediment,Bilirubin crystals [Presence] in Urine sediment by Light microscopy,,LOINC 未提供建議單位,LOINC 未提供,
5773-7,Calcium carbonate crystals [Presence] in Urine sediment,Calcium carbonate crystals [Presence] in Urine sediment by Light microscopy,,LOINC 未提供建議單位,LOINC 未提供,
57734-6,Ketones [Presence] in Urine by Test strip,Ketones [Presence] in Urine by Automated test strip,,LOINC 未提供建議單位,LOINC 未提供,
5774-5,Calcium oxalate crystals [Presence] in Urine sediment,Calcium oxalate crystals [Presence] in Urine sediment by Light microscopy,,LOINC 未提供建議單位,LOINC 未提供,
5775-2,Calcium phosphate crystals [Presence] in Urine sediment,Calcium phosphate crystals [Presence] in Urine sediment by Light microscopy,,LOINC 未提供建議單位,LOINC 未提供,
57751-0,Hemoglobin [Presence] in Urine by Test strip,Hemoglobin [Presence] in Urine by Automated test strip,,LOINC 未提供建議單位,LOINC 未提供,
5777-8,Cholesterol crystals [Presence] in Urine sediment,Cholesterol crystals [Presence] in Urine sediment by Light microscopy,,LOINC 未提供建議單位,LOINC 未提供,
5784-4,Cystine crystals [Presence] in Urine sediment,Cystine crystals [Presence] in Urine sediment by Light microscopy,,LOINC 未提供建議單位,LOINC 未提供,
5787-7,Epithelial cells [#/area] in Urine sediment by Microscopy high power field,Epithelial cells [#/area] in Urine sediment by Microscopy high power field,/[HPF],"LOINC EXAMPLE_UCUM_UNITS (tx.fhir.org, LOINC 2.82)",相符,
5788-5,Oval fat bodies [#/area] in Urine sediment by Microscopy high power field,Oval fat bodies (globules) [#/area] in Urine sediment by Microscopy high power field,/[HPF],"LOINC EXAMPLE_UCUM_UNITS (tx.fhir.org, LOINC 2.82)",相符,
5792-7,Glucose [Presence] in Urine by Test strip,Glucose [Mass/volume] in Urine by Test strip,mg/dL,"LOINC EXAMPLE_UCUM_UNITS (tx.fhir.org, LOINC 2.82)",相符,
5794-3,Hemoglobin [Presence] in Urine by Test strip,Hemoglobin [Presence] in Urine by Test strip,,LOINC 未提供建議單位,LOINC 未提供,
5796-8,Hyaline casts [#/area] in Urine sediment by Microscopy low power field,Hyaline casts [#/area] in Urine sediment by Microscopy low power field,/[LPF],"LOINC EXAMPLE_UCUM_UNITS (tx.fhir.org, LOINC 2.82)",相符,
5797-6,Ketones [Presence] in Urine by Test strip,Ketones [Mass/volume] in Urine by Test strip,mg/dL,"LOINC EXAMPLE_UCUM_UNITS (tx.fhir.org, LOINC 2.82)",相符,
5799-2,Leukocyte esterase [Presence] in Urine by Test strip,Leukocyte esterase [Presence] in Urine by Test strip,,LOINC 未提供建議單位,LOINC 未提供,
5802-4,Nitrite [Presence] in Urine by Test strip,Nitrite [Presence] in Urine by Test strip,,LOINC 未提供建議單位,LOINC 未提供,
5803-2,pH of Urine by Test strip,pH of Urine by Test strip,[pH],"LOINC EXAMPLE_UCUM_UNITS (tx.fhir.org, LOINC 2.82)",相符,
5810-7,Specific gravity of Urine,Specific gravity of Urine by Refractometry,{Spec grav},"LOINC EXAMPLE_UCUM_UNITS (tx.fhir.org, LOINC 2.82)",相符,
5813-1,Trichomonas vaginalis [Presence] in Urine sediment,Trichomonas vaginalis [Presence] in Urine sediment by Light microscopy,,LOINC 未提供建議單位,LOINC 未提供,
5814-9,Calcium magnesium ammonium phosphate crystals [Presence] in Urine sediment,Triple phosphate crystals [Presence] in Urine sediment by Light microscopy,,LOINC 未提供建議單位,LOINC 未提供,
5817-2,Uric acid crystals [Presence] in Urine sediment,Urate crystals [Presence] in Urine sediment by Light microscopy,,LOINC 未提供建議單位,LOINC 未提供,
5821-4,Leukocytes [#/area] in Urine sediment by Microscopy high power field,Leukocytes [#/area] in Urine sediment by Microscopy high power field,/[HPF],"LOINC EXAMPLE_UCUM_UNITS (tx.fhir.org, LOINC 2.82)",相符,
5905-5,Monocytes/100 leukocytes in Blood by Automated count,Monocytes/Leukocytes in Blood by Automated count,%,"LOINC EXAMPLE_UCUM_UNITS (tx.fhir.org, LOINC 2.82)",相符,
59261-8,Hemoglobin A1c/Hemoglobin.total in Blood by IFCC protocol,Hemoglobin A1c/Hemoglobin.total standardized per IFCC-RMP for CDT in Blood,%,"LOINC EXAMPLE_UCUM_UNITS (tx.fhir.org, LOINC 2.82)",相符,
60026-2,Leukocyte esterase [Presence] in Urine by Test strip,Leukocyte esterase [Presence] in Urine by Automated test strip,,LOINC 未提供建議單位,LOINC 未提供,
60090-8,Indium [Mass/volume] in Serum or Plasma,Indium [Mass/volume] in Serum or Plasma,ug/L,"LOINC EXAMPLE_UCUM_UNITS (tx.fhir.org, LOINC 2.82)",相符,
62292-8,25-hydroxyvitamin D3 [Mass/volume] in Serum or Plasma,25-Hydroxyvitamin D3+25-Hydroxyvitamin D2 [Mass/volume] in Serum or Plasma,ng/mL,"LOINC EXAMPLE_UCUM_UNITS (tx.fhir.org, LOINC 2.82)",相符,
62487-4,Urobilinogen [Presence] in Urine by Test strip,Urobilinogen [Presence] in Urine by Automated test strip,,LOINC 未提供建議單位,LOINC 未提供,
63557-3,Hepatitis B virus surface Ag [Units/volume] in Serum or Plasma by Immunoassay,Hepatitis B virus surface Ag [Units/volume] in Serum or Plasma by Immunoassay,[IU]/L,LOINC EXAMPLE_UCUM_UNITS,相符,JOB-19 補充事項 §2：由值集展開稽核補列（CI run 30534387613 之 $lookup）
63632-4,,,d;wk;mo;a,LOINC EXAMPLE_UCUM_UNITS,相符,JOB-19 補充事項 §2：由值集展開稽核補列（CI run 30534387613 之 $lookup）
64218-1,,,/d,LOINC EXAMPLE_UCUM_UNITS,相符,JOB-19 補充事項 §2：由值集展開稽核補列（CI run 30534387613 之 $lookup）
6690-2,WBC [#/volume] in Blood,Leukocytes [#/volume] in Blood by Automated count,10*3/uL,"LOINC EXAMPLE_UCUM_UNITS (tx.fhir.org, LOINC 2.82)",相符,
6709-0,Hippurate [Mass/volume] in Urine,Hippurate [Mass/volume] in Urine,g/L,"LOINC EXAMPLE_UCUM_UNITS (tx.fhir.org, LOINC 2.82)",相符,
6768-6,Alkaline phosphatase [Enzymatic activity/volume] in Serum or Plasma,Alkaline phosphatase [Enzymatic activity/volume] in Serum or Plasma,U/L,"LOINC EXAMPLE_UCUM_UNITS (tx.fhir.org, LOINC 2.82)",相符,
706-2,Basophils/100 leukocytes in Blood by Automated count,Basophils/Leukocytes in Blood by Automated count,%,"LOINC EXAMPLE_UCUM_UNITS (tx.fhir.org, LOINC 2.82)",相符,
713-8,Eosinophils/100 leukocytes in Blood by Automated count,Eosinophils/Leukocytes in Blood by Automated count,%,"LOINC EXAMPLE_UCUM_UNITS (tx.fhir.org, LOINC 2.82)",相符,
718-7,Hemoglobin [Mass/volume] in Blood,Hemoglobin [Mass/volume] in Blood,g/dL,"LOINC EXAMPLE_UCUM_UNITS (tx.fhir.org, LOINC 2.82)",相符,
72665-3,"trans,trans-Muconic acid [Mass/volume] in Urine","Trans,trans-muconic acid [Mass/volume] in Urine",mg/L,"LOINC EXAMPLE_UCUM_UNITS (tx.fhir.org, LOINC 2.82)",相符,
731-0,Lymphocytes [#/volume] in Blood by Automated count,Lymphocytes [#/volume] in Blood by Automated count,10*3/uL,"LOINC EXAMPLE_UCUM_UNITS (tx.fhir.org, LOINC 2.82)",相符,
736-9,Lymphocytes [Fraction] of WBC,Lymphocytes/Leukocytes in Blood by Automated count,%,"LOINC EXAMPLE_UCUM_UNITS (tx.fhir.org, LOINC 2.82)",相符,
751-8,Neutrophils [#/volume] in Blood by Automated count,Neutrophils [#/volume] in Blood by Automated count,10*3/uL,"LOINC EXAMPLE_UCUM_UNITS (tx.fhir.org, LOINC 2.82)",相符,
770-8,Neutrophils [Fraction] of WBC,Neutrophils/Leukocytes in Blood by Automated count,%,"LOINC EXAMPLE_UCUM_UNITS (tx.fhir.org, LOINC 2.82)",相符,
77307-7,Lead [Mass/volume] in Venous blood,Lead [Mass/volume] in Venous blood,ug/dL,LOINC EXAMPLE_UCUM_UNITS,相符,JOB-19 補充事項 §2：由值集展開稽核補列（CI run 30534387613 之 $lookup）
777-3,Platelets [#/volume] in Blood,Platelets [#/volume] in Blood by Automated count,10*3/uL,"LOINC EXAMPLE_UCUM_UNITS (tx.fhir.org, LOINC 2.82)",相符,
785-6,MCH [Entitic mass] by Automated count,MCH [Entitic mass] by Automated count,pg,"LOINC EXAMPLE_UCUM_UNITS (tx.fhir.org, LOINC 2.82)",相符,
786-4,MCHC [Mass/volume] by Automated count,MCHC [Entitic Mass/volume] in Red Blood Cells by Automated count,g/dL,"LOINC EXAMPLE_UCUM_UNITS (tx.fhir.org, LOINC 2.82)",相符,
787-2,MCV [Entitic volume] by Automated count,MCV [Entitic mean volume] in Red Blood Cells by Automated count,fL,"LOINC EXAMPLE_UCUM_UNITS (tx.fhir.org, LOINC 2.82)",相符,
788-0,Erythrocyte distribution width [Ratio] by Automated count,Erythrocyte [DistWidth] in Blood by Automated count,%,"LOINC EXAMPLE_UCUM_UNITS (tx.fhir.org, LOINC 2.82)",相符,
789-8,Erythrocytes [#/volume] in Blood,Erythrocytes [#/volume] in Blood by Automated count,10*6/uL,"LOINC EXAMPLE_UCUM_UNITS (tx.fhir.org, LOINC 2.82)",相符,
79073-3,CTA Hrt+CA W contr IV,CTA Heart and Coronary arteries W contrast IV,,LOINC 未提供建議單位,LOINC 未提供,
79086-5,CT Chest Screening WO contr,CT Chest for screening WO contrast,,LOINC 未提供建議單位,LOINC 未提供,
7962-4,Measles virus IgG Ab [Units/volume] in Serum or Plasma,Measles virus IgG Ab [Units/volume] in Serum,[arb'U]/mL,"LOINC EXAMPLE_UCUM_UNITS (tx.fhir.org, LOINC 2.82)",相符,
798-9,Erythrocytes [#/volume] in Urine by Automated count,Erythrocytes [#/volume] in Urine by Automated count,/uL,LOINC EXAMPLE_UCUM_UNITS,相符,JOB-19 補充事項 §2：由值集展開稽核補列（CI run 30534387613 之 $lookup）
804-5,WBC [#/volume] in Blood by Manual count,Leukocytes [#/volume] in Blood by Manual count,10*3/uL,"LOINC EXAMPLE_UCUM_UNITS (tx.fhir.org, LOINC 2.82)",相符,
8099-4,Thyroid peroxidase Ab [Units/volume] in Serum or Plasma,Thyroperoxidase Ab [Units/volume] in Serum or Plasma,[IU]/mL,"LOINC EXAMPLE_UCUM_UNITS (tx.fhir.org, LOINC 2.82)",相符,
81555-5,PT+CT Whole body Tum loc W 18F-FDG IV,PET+CT Guidance for localization of tumor of Whole body-- W 18F-FDG IV,,LOINC 未提供建議單位,LOINC 未提供,
8280-0,Waist Circumference at umbilicus by Tape measure,Waist Circumference at umbilicus by Tape measure,cm,LOINC EXAMPLE_UCUM_UNITS,相符,JOB-19 補充事項 §2：由值集展開稽核補列（CI run 30534387613 之 $lookup）
8302-2,Body height,Body height,[in_us];cm;m,LOINC EXAMPLE_UCUM_UNITS,相符,JOB-19 補充事項 §2：由值集展開稽核補列（CI run 30534387613 之 $lookup）
83082-8,Cancer Ag 125 [Units/volume] in Serum or Plasma by Immunoassay,Cancer Ag 125 [Units/volume] in Serum or Plasma by Immunoassay,[arb'U]/mL,"LOINC EXAMPLE_UCUM_UNITS (tx.fhir.org, LOINC 2.82)",相符,
83083-6,Cancer Ag 15-3 [Units/volume] in Serum or Plasma,Cancer Ag 15-3 [Units/volume] in Serum or Plasma by Immunoassay,[arb'U]/mL,"LOINC EXAMPLE_UCUM_UNITS (tx.fhir.org, LOINC 2.82)",相符,
83084-4,Cancer Ag 19-9 [Units/volume] in Serum or Plasma by Immunoassay,Cancer Ag 19-9 [Units/volume] in Serum or Plasma by Immunoassay,[arb'U]/mL,"LOINC EXAMPLE_UCUM_UNITS (tx.fhir.org, LOINC 2.82)",相符,
83085-1,Carcinoembryonic Ag [Mass/volume] in Serum or Plasma by Immunoassay,Carcinoembryonic Ag [Mass/volume] in Serum or Plasma by Immunoassay,ng/mL,"LOINC EXAMPLE_UCUM_UNITS (tx.fhir.org, LOINC 2.82)",相符,
83112-3,Prostate specific Ag [Mass/volume] in Serum or Plasma by Immunoassay,Prostate specific Ag [Mass/volume] in Serum or Plasma by Immunoassay,ng/mL,"LOINC EXAMPLE_UCUM_UNITS (tx.fhir.org, LOINC 2.82)",相符,
8462-4,Diastolic blood pressure,Diastolic blood pressure,mm[Hg],LOINC EXAMPLE_UCUM_UNITS,相符,JOB-19 補充事項 §2：由值集展開稽核補列（CI run 30534387613 之 $lookup）
8480-6,Systolic blood pressure,Systolic blood pressure,mm[Hg],LOINC EXAMPLE_UCUM_UNITS,相符,JOB-19 補充事項 §2：由值集展開稽核補列（CI run 30534387613 之 $lookup）
87279-6,CT Chest Screening,CT Chest for screening,,LOINC 未提供建議單位,LOINC 未提供,
87926-2,Epithelial cells [#/volume] in Urine by Automated,Epithelial cells [#/volume] in Urine by Automated,/uL,LOINC EXAMPLE_UCUM_UNITS,相符,JOB-19 補充事項 §2：由值集展開稽核補列（CI run 30534387613 之 $lookup）
88112-8,Aspartate aminotransferase [Enzymatic activity/volume] in Serum or Plasma by No addition of P-5'-P,Aspartate aminotransferase [Enzymatic activity/volume] in Serum or Plasma by No addition of P-5'-P,U/L,"LOINC EXAMPLE_UCUM_UNITS (tx.fhir.org, LOINC 2.82)",相符,
89015-2,Pure tone air conduction threshold audiometry panel,Pure tone air conduction threshold audiometry panel,,LOINC 未提供建議單位,LOINC 未提供,
89016-0,Hearing threshold Ear - left --1000 Hz,Hearing threshold Ear - left --1000 Hz,dB,"LOINC EXAMPLE_UCUM_UNITS (tx.fhir.org, LOINC 2.82)",相符,
89017-8,Hearing threshold Ear - right --1000 Hz,Hearing threshold Ear - right --1000 Hz,dB,"LOINC EXAMPLE_UCUM_UNITS (tx.fhir.org, LOINC 2.82)",相符,
89018-6,Hearing threshold Ear - left --2000 Hz,Hearing threshold Ear - left --2000 Hz,dB,"LOINC EXAMPLE_UCUM_UNITS (tx.fhir.org, LOINC 2.82)",相符,
89019-4,Hearing threshold Ear - right --2000 Hz,Hearing threshold Ear - right --2000 Hz,dB,"LOINC EXAMPLE_UCUM_UNITS (tx.fhir.org, LOINC 2.82)",相符,
89020-2,Hearing threshold Ear - left --3000 Hz,Hearing threshold Ear - left --3000 Hz,dB,"LOINC EXAMPLE_UCUM_UNITS (tx.fhir.org, LOINC 2.82)",相符,
89021-0,Hearing threshold Ear - right --3000 Hz,Hearing threshold Ear - right --3000 Hz,dB,"LOINC EXAMPLE_UCUM_UNITS (tx.fhir.org, LOINC 2.82)",相符,
89022-8,Hearing threshold Ear - left --4000 Hz,Hearing threshold Ear - left --4000 Hz,dB,"LOINC EXAMPLE_UCUM_UNITS (tx.fhir.org, LOINC 2.82)",相符,
89023-6,Hearing threshold Ear - right --4000 Hz,Hearing threshold Ear - right --4000 Hz,dB,"LOINC EXAMPLE_UCUM_UNITS (tx.fhir.org, LOINC 2.82)",相符,
89024-4,Hearing threshold Ear - left --500 Hz,Hearing threshold Ear - left --500 Hz,dB,"LOINC EXAMPLE_UCUM_UNITS (tx.fhir.org, LOINC 2.82)",相符,
89025-1,Hearing threshold Ear - right --500 Hz,Hearing threshold Ear - right --500 Hz,dB,"LOINC EXAMPLE_UCUM_UNITS (tx.fhir.org, LOINC 2.82)",相符,
89026-9,Hearing threshold Ear - left --6000 Hz,Hearing threshold Ear - left --6000 Hz,dB,"LOINC EXAMPLE_UCUM_UNITS (tx.fhir.org, LOINC 2.82)",相符,
89027-7,Hearing threshold Ear - right --6000 Hz,Hearing threshold Ear - right --6000 Hz,dB,"LOINC EXAMPLE_UCUM_UNITS (tx.fhir.org, LOINC 2.82)",相符,
89028-5,Hearing threshold Ear - left --8000 Hz,Hearing threshold Ear - left --8000 Hz,dB,"LOINC EXAMPLE_UCUM_UNITS (tx.fhir.org, LOINC 2.82)",相符,
89029-3,Hearing threshold Ear - right --8000 Hz,Hearing threshold Ear - right --8000 Hz,dB,"LOINC EXAMPLE_UCUM_UNITS (tx.fhir.org, LOINC 2.82)",相符,
9318-7,Albumin/Creatinine [Mass Ratio] in Urine,Albumin/Creatinine [Mass Ratio] in Urine,ug/mg{creat},LOINC EXAMPLE_UCUM_UNITS,相符,JOB-19 補充事項 §2：由值集展開稽核補列（CI run 30534387613 之 $lookup）
9397-1,Color of Stool,Color of Stool,,LOINC 未提供建議單位,LOINC 未提供,
9633-9,Epstein Barr virus VCA IgA Ab [Presence] in Serum,Epstein Barr virus capsid IgA Ab [Titer] in Serum by Immunofluorescence,{titer},"LOINC EXAMPLE_UCUM_UNITS (tx.fhir.org, LOINC 2.82)",相符,
9679-2,Squamous cell carcinoma Ag [Mass/volume] in Serum or Plasma,Squamous cell carcinoma Ag [Mass/volume] in Serum or Plasma,ng/mL,"LOINC EXAMPLE_UCUM_UNITS (tx.fhir.org, LOINC 2.82)",相符,
97149-9,[-2]pro-prostate specific antigen [Mass/volume] in Serum or Plasma,proPSA isoform 2 [Mass/volume] in Serum or Plasma by Immunoassay,pg/mL,"LOINC EXAMPLE_UCUM_UNITS (tx.fhir.org, LOINC 2.82)",相符,
97150-7,Prostate Health Index in Serum or Plasma,Prostate health index in Serum or Plasma by calculation,{score},"LOINC EXAMPLE_UCUM_UNITS (tx.fhir.org, LOINC 2.82)",相符,
9827-7,Paraquat [Mass/volume] in Urine,Paraquat [Mass/volume] in Urine,mg/L,"LOINC EXAMPLE_UCUM_UNITS (tx.fhir.org, LOINC 2.82)",相符,
9830-1,Cholesterol/Cholesterol in HDL [Mass Ratio] in Serum or Plasma,Cholesterol.total/Cholesterol in HDL [Mass Ratio] in Serum or Plasma,{ratio},"LOINC EXAMPLE_UCUM_UNITS (tx.fhir.org, LOINC 2.82)",相符,
98497-1,Visual acuity panel,Visual acuity panel,,LOINC 未提供建議單位,LOINC 未提供,
98979-8,"Glomerular filtration rate [Volume Rate/Area] in Serum, Plasma or Blood by Creatinine-based formula (CKD-EPI 2021)/1.73 sq M","Glomerular filtration rate [Volume Rate/Area] in Serum, Plasma or Blood by Creatinine-based formula (CKD-EPI 2021)/1.73 sq M",mL/min/{1.73_m2},"LOINC EXAMPLE_UCUM_UNITS (tx.fhir.org, LOINC 2.82)",相符,
